#
# There is insufficient memory for the Java Runtime Environment to continue.
# Native memory allocation (malloc) failed to allocate 1706736 bytes. Error detail: Chunk::new
# Possible reasons:
#   The system is out of physical RAM or swap space
#   This process is running with CompressedOops enabled, and the Java Heap may be blocking the growth of the native heap
# Possible solutions:
#   Reduce memory load on the system
#   Increase physical memory or swap space
#   Check if swap backing store is full
#   Decrease Java heap size (-Xmx/-Xms)
#   Decrease number of Java threads
#   Decrease Java thread stack sizes (-Xss)
#   Set larger code cache with -XX:ReservedCodeCacheSize=
#   JVM is running with Unscaled Compressed Oops mode in which the Java heap is
#     placed in the first 4GB address space. The Java Heap base address is the
#     maximum limit for the native heap growth. Please use -XX:HeapBaseMinAddress
#     to set the Java Heap base and to place the Java Heap above 4GB virtual address.
# This output file may be truncated or incomplete.
#
#  Out of Memory Error (arena.cpp:168), pid=3348, tid=20652
#
# JRE version: OpenJDK Runtime Environment JBR-21.0.11+1-1163.116-nomod (21.0.11+1) (build 21.0.11+1-b1163.116)
# Java VM: OpenJDK 64-Bit Server VM JBR-21.0.11+1-1163.116-nomod (21.0.11+1-b1163.116, mixed mode, sharing, tiered, compressed oops, compressed class ptrs, g1 gc, windows-amd64)
# No core dump will be written. Minidumps are not enabled by default on client versions of Windows
#

---------------  S U M M A R Y ------------

Command Line: -Djava.awt.headless=true -Djava.library.path=C:\Users\shahe\.jdks\jbr-21.0.11\bin;C:\Windows\Sun\Java\bin;C:\Windows\system32;C:\Windows;C:\Windows\system32;C:\Windows;C:\Windows\System32\Wbem;C:\Windows\System32\WindowsPowerShell\v1.0\;C:\Windows\System32\OpenSSH\;C:\Program Files (x86)\NVIDIA Corporation\PhysX\Common;C:\Program Files\NVIDIA Corporation\NVIDIA NvDLISR;C:\Windows\system32;C:\Windows;C:\Windows\System32\Wbem;C:\Windows\System32\WindowsPowerShell\v1.0\;C:\Windows\System32\OpenSSH\;C:\Program Files\Git\cmd;C:\Program Files\nodejs\;C:\Users\shahe\miniconda3;C:\Users\shahe\miniconda3\Library\mingw-w64\bin;C:\Users\shahe\miniconda3\Library\usr\bin;C:\Users\shahe\miniconda3\Library\bin;C:\Users\shahe\miniconda3\Scripts;C:\Users\shahe\AppData\Local\Microsoft\WindowsApps;C:\Users\shahe\AppData\Local\Microsoft\WinGet\Packages\Gyan.FFmpeg_Microsoft.Winget.Source_8wekyb3d8bbwe\ffmpeg-7.0.2-full_build\bin;C:\Users\shahe\AppData\Local\Programs\Microsoft VS Code\bin;C:\Users\shahe\AppData\Roaming\npm;.;D:\Android Projects\cpl\feature\discovery\src\testDebug\jniLibs;D:\Android Projects\cpl\feature\discovery\src\test\jniLibs -Dorg.gradle.internal.worker.tmpdir=D:\Android Projects\cpl\feature\discovery\build\tmp\testDebugUnitTest\work -Droborazzi.compare.output.dir=D:\Android Projects\cpl\feature\discovery\build\outputs\roborazzi -Droborazzi.output.dir=build\outputs\roborazzi -Droborazzi.project.path=D:\Android Projects\cpl\feature\discovery -Droborazzi.result.dir=build\test-results\roborazzi\debug\results -Droborazzi.test.compare=false -Droborazzi.test.record=false -Droborazzi.test.verify=true --add-opens=java.base/java.io=ALL-UNNAMED -Xmx512m -Dfile.encoding=UTF-8 -Duser.country=US -Duser.language=en -Duser.variant -ea worker.org.gradle.process.internal.worker.GradleWorkerMain 'Gradle Test Executor 59'

Host: AMD Ryzen 7 5800HS with Radeon Graphics         , 16 cores, 7G,  Windows 11 , 64 bit Build 22621 (10.0.22621.4945)
Time: Fri Sep 18 17:51:59 2026 India Standard Time elapsed time: 30.987991 seconds (0d 0h 0m 30s)

---------------  T H R E A D  ---------------

Current thread (0x000002037f7511b0):  JavaThread "C2 CompilerThread0" daemon [_thread_in_native, id=20652, stack(0x000000ecbce00000,0x000000ecbcf00000) (1024K)]


Current CompileTask:
C2:30988 5522       4       java.io.FilterInputStream::read (11 bytes)

Stack: [0x000000ecbce00000,0x000000ecbcf00000]
Native frames: (J=compiled Java code, j=interpreted, Vv=VM code, C=native code)
V  [jvm.dll+0x6ed7f9]
V  [jvm.dll+0x8cbfcb]
V  [jvm.dll+0x8ce76a]
V  [jvm.dll+0x8cee43]
V  [jvm.dll+0x28e496]
V  [jvm.dll+0xc92bd]
V  [jvm.dll+0xc980c]
V  [jvm.dll+0x3ca852]
V  [jvm.dll+0x1ec2a6]
V  [jvm.dll+0x254f83]
V  [jvm.dll+0x254452]
V  [jvm.dll+0x1d37ae]
V  [jvm.dll+0x26423b]
V  [jvm.dll+0x26276e]
V  [jvm.dll+0x405515]
V  [jvm.dll+0x875cad]
V  [jvm.dll+0x6ebf5d]
C  [ucrtbase.dll+0x29333]
C  [KERNEL32.DLL+0x1259d]
C  [ntdll.dll+0x5af38]


---------------  P R O C E S S  ---------------

Threads class SMR info:
_java_thread_list=0x0000020349eed700, length=16, elements={
0x0000020369329810, 0x000002037f735630, 0x000002037f73be40, 0x000002037f73cd60,
0x000002037f748f10, 0x000002037f749cd0, 0x000002037f74a730, 0x000002037f74b2c0,
0x000002037f7511b0, 0x000002037f75dc30, 0x0000020302a437a0, 0x000002034a6f1e80,
0x0000020349762250, 0x0000020349ce8ed0, 0x000002034a174010, 0x000002034ac7afa0
}

Java Threads: ( => current thread )
  0x0000020369329810 JavaThread "Test worker"                       [_thread_blocked, id=2004, stack(0x000000ecbbf00000,0x000000ecbc000000) (1024K)]
  0x000002037f735630 JavaThread "Common-Cleaner"             daemon [_thread_blocked, id=21816, stack(0x000000ecbc700000,0x000000ecbc800000) (1024K)]
  0x000002037f73be40 JavaThread "Reference Handler"          daemon [_thread_blocked, id=27392, stack(0x000000ecbc800000,0x000000ecbc900000) (1024K)]
  0x000002037f73cd60 JavaThread "Finalizer"                  daemon [_thread_blocked, id=21548, stack(0x000000ecbc900000,0x000000ecbca00000) (1024K)]
  0x000002037f748f10 JavaThread "Signal Dispatcher"          daemon [_thread_blocked, id=26728, stack(0x000000ecbca00000,0x000000ecbcb00000) (1024K)]
  0x000002037f749cd0 JavaThread "Attach Listener"            daemon [_thread_blocked, id=13476, stack(0x000000ecbcb00000,0x000000ecbcc00000) (1024K)]
  0x000002037f74a730 JavaThread "Service Thread"             daemon [_thread_blocked, id=14936, stack(0x000000ecbcc00000,0x000000ecbcd00000) (1024K)]
  0x000002037f74b2c0 JavaThread "Monitor Deflation Thread"   daemon [_thread_blocked, id=27328, stack(0x000000ecbcd00000,0x000000ecbce00000) (1024K)]
=>0x000002037f7511b0 JavaThread "C2 CompilerThread0"         daemon [_thread_in_native, id=20652, stack(0x000000ecbce00000,0x000000ecbcf00000) (1024K)]
  0x000002037f75dc30 JavaThread "C1 CompilerThread0"         daemon [_thread_blocked, id=6468, stack(0x000000ecbcf00000,0x000000ecbd000000) (1024K)]
  0x0000020302a437a0 JavaThread "Notification Thread"        daemon [_thread_blocked, id=27536, stack(0x000000ecbd100000,0x000000ecbd200000) (1024K)]
  0x000002034a6f1e80 JavaThread "/127.0.0.1:60860 to /127.0.0.1:60850 workers"        [_thread_blocked, id=20052, stack(0x000000ecbd800000,0x000000ecbd900000) (1024K)]
  0x0000020349762250 JavaThread "/127.0.0.1:60860 to /127.0.0.1:60850 workers Thread 2"        [_thread_blocked, id=4552, stack(0x000000ecbd900000,0x000000ecbda00000) (1024K)]
  0x0000020349ce8ed0 JavaThread "/127.0.0.1:60860 to /127.0.0.1:60850 workers Thread 3"        [_thread_in_native, id=28152, stack(0x000000ecbda00000,0x000000ecbdb00000) (1024K)]
  0x000002034a174010 JavaThread "SDK 35 Main Thread"                [_thread_in_vm, id=23368, stack(0x000000ecbd000000,0x000000ecbd100000) (1024K)]
  0x000002034ac7afa0 JavaThread "Cleaner-0"                  daemon [_thread_blocked, id=25720, stack(0x000000ecbe400000,0x000000ecbe500000) (1024K)]
Total: 16

Other Threads:
  0x000002037f7201e0 VMThread "VM Thread"                           [id=28616, stack(0x000000ecbc600000,0x000000ecbc700000) (1024K)]
  0x000002037f70f950 WatcherThread "VM Periodic Task Thread"        [id=15428, stack(0x000000ecbc500000,0x000000ecbc600000) (1024K)]
  0x000002036b763370 WorkerThread "GC Thread#0"                     [id=13372, stack(0x000000ecbc000000,0x000000ecbc100000) (1024K)]
  0x00000203499235c0 WorkerThread "GC Thread#1"                     [id=22952, stack(0x000000ecbd200000,0x000000ecbd300000) (1024K)]
  0x0000020349f6d7b0 WorkerThread "GC Thread#2"                     [id=14048, stack(0x000000ecbd300000,0x000000ecbd400000) (1024K)]
  0x0000020349f6db60 WorkerThread "GC Thread#3"                     [id=8480, stack(0x000000ecbd400000,0x000000ecbd500000) (1024K)]
  0x0000020349f6df10 WorkerThread "GC Thread#4"                     [id=21764, stack(0x000000ecbd500000,0x000000ecbd600000) (1024K)]
  0x0000020349df0030 WorkerThread "GC Thread#5"                     [id=10452, stack(0x000000ecbdb00000,0x000000ecbdc00000) (1024K)]
  0x00000203496a95c0 WorkerThread "GC Thread#6"                     [id=17688, stack(0x000000ecbdc00000,0x000000ecbdd00000) (1024K)]
  0x00000203496a9970 WorkerThread "GC Thread#7"                     [id=16476, stack(0x000000ecbdd00000,0x000000ecbde00000) (1024K)]
  0x0000020349c7a580 WorkerThread "GC Thread#8"                     [id=26064, stack(0x000000ecbde00000,0x000000ecbdf00000) (1024K)]
  0x0000020349c7a930 WorkerThread "GC Thread#9"                     [id=25136, stack(0x000000ecbdf00000,0x000000ecbe000000) (1024K)]
  0x0000020349c7ace0 WorkerThread "GC Thread#10"                    [id=20800, stack(0x000000ecbe000000,0x000000ecbe100000) (1024K)]
  0x000002034988d750 WorkerThread "GC Thread#11"                    [id=13328, stack(0x000000ecbe200000,0x000000ecbe300000) (1024K)]
  0x000002034988c890 WorkerThread "GC Thread#12"                    [id=26880, stack(0x000000ecbe300000,0x000000ecbe400000) (1024K)]
  0x000002036b764330 ConcurrentGCThread "G1 Main Marker"            [id=14376, stack(0x000000ecbc100000,0x000000ecbc200000) (1024K)]
  0x000002037f580090 WorkerThread "G1 Conc#0"                       [id=14364, stack(0x000000ecbc200000,0x000000ecbc300000) (1024K)]
  0x000002034988cff0 WorkerThread "G1 Conc#1"                       [id=11796, stack(0x000000ecbd700000,0x000000ecbd800000) (1024K)]
  0x000002034988deb0 WorkerThread "G1 Conc#2"                       [id=25960, stack(0x000000ecbe100000,0x000000ecbe200000) (1024K)]
  0x000002037f5e24d0 ConcurrentGCThread "G1 Refine#0"               [id=6028, stack(0x000000ecbc300000,0x000000ecbc400000) (1024K)]
  0x000002037f5e3050 ConcurrentGCThread "G1 Service"                [id=27220, stack(0x000000ecbc400000,0x000000ecbc500000) (1024K)]
Total: 21

Threads with active compile tasks:
C2 CompilerThread0  31115 5522       4       java.io.FilterInputStream::read (11 bytes)
Total: 1

VM state: not at safepoint (normal execution)

VM Mutex/Monitor currently owned by a thread:  ([mutex/lock_event])
[0x00007ff838718bb0] Metaspace_lock - owner thread: 0x000002034a174010

Heap address: 0x00000000e0000000, size: 512 MB, Compressed Oops mode: 32-bit

CDS archive(s) mapped at: [0x0000020303000000-0x0000020304c20000-0x0000020304c20000), size 29491200, SharedBaseAddress: 0x0000020303000000, ArchiveRelocationMode: 1.
Compressed class space mapped at: 0x0000020305000000-0x0000020345000000, reserved size: 1073741824
Narrow klass base: 0x0000020303000000, Narrow klass shift: 0, Narrow klass range: 0x100000000

GC Precious Log:
 CardTable entry size: 512
 Card Set container configuration: InlinePtr #cards 5 size 8 Array Of Cards #cards 12 size 40 Howl #buckets 4 coarsen threshold 1843 Howl Bitmap #cards 512 size 80 coarsen threshold 460 Card regions per heap region 1 cards per card region 2048
 CPUs: 16 total, 16 available
 Memory: 7583M
 Large Page Support: Disabled
 NUMA Support: Disabled
 Compressed Oops: Enabled (32-bit)
 Heap Region Size: 1M
 Heap Min Capacity: 8M
 Heap Initial Capacity: 120M
 Heap Max Capacity: 512M
 Pre-touch: Disabled
 Parallel Workers: 13
 Concurrent Workers: 3
 Concurrent Refinement Workers: 13
 Periodic GC: Disabled

Heap:
 garbage-first heap   total 122880K, used 53148K [0x00000000e0000000, 0x0000000100000000)
  region size 1024K, 6 young (6144K), 1 survivors (1024K)
 Metaspace       used 35310K, committed 37184K, reserved 1114112K
  class space    used 3625K, committed 4480K, reserved 1048576K

Heap Regions: E=young(eden), S=young(survivor), O=old, HS=humongous(starts), HC=humongous(continues), CS=collection set, F=free, TAMS=top-at-mark-start, PB=parsable bottom
|   0|0x00000000e0000000, 0x00000000e0100000, 0x00000000e0100000|100%|HS|  |TAMS 0x00000000e0000000| PB 0x00000000e0000000| Complete 
|   1|0x00000000e0100000, 0x00000000e0200000, 0x00000000e0200000|100%|HC|  |TAMS 0x00000000e0100000| PB 0x00000000e0100000| Complete 
|   2|0x00000000e0200000, 0x00000000e0300000, 0x00000000e0300000|100%|HS|  |TAMS 0x00000000e0200000| PB 0x00000000e0200000| Complete 
|   3|0x00000000e0300000, 0x00000000e0400000, 0x00000000e0400000|100%| O|  |TAMS 0x00000000e0300000| PB 0x00000000e0300000| Untracked 
|   4|0x00000000e0400000, 0x00000000e0500000, 0x00000000e0500000|100%|HS|  |TAMS 0x00000000e0400000| PB 0x00000000e0400000| Complete 
|   5|0x00000000e0500000, 0x00000000e0600000, 0x00000000e0600000|100%|HS|  |TAMS 0x00000000e0500000| PB 0x00000000e0500000| Complete 
|   6|0x00000000e0600000, 0x00000000e0700000, 0x00000000e0700000|100%|HS|  |TAMS 0x00000000e0600000| PB 0x00000000e0600000| Complete 
|   7|0x00000000e0700000, 0x00000000e0800000, 0x00000000e0800000|100%|HC|  |TAMS 0x00000000e0700000| PB 0x00000000e0700000| Complete 
|   8|0x00000000e0800000, 0x00000000e0900000, 0x00000000e0900000|100%| O|  |TAMS 0x00000000e0800000| PB 0x00000000e0800000| Untracked 
|   9|0x00000000e0900000, 0x00000000e0a00000, 0x00000000e0a00000|100%| O|  |TAMS 0x00000000e0900000| PB 0x00000000e0900000| Untracked 
|  10|0x00000000e0a00000, 0x00000000e0b00000, 0x00000000e0b00000|100%| O|  |TAMS 0x00000000e0a00000| PB 0x00000000e0a00000| Untracked 
|  11|0x00000000e0b00000, 0x00000000e0c00000, 0x00000000e0c00000|100%| O|  |TAMS 0x00000000e0b00000| PB 0x00000000e0b00000| Untracked 
|  12|0x00000000e0c00000, 0x00000000e0d00000, 0x00000000e0d00000|100%| O|  |TAMS 0x00000000e0c00000| PB 0x00000000e0c00000| Untracked 
|  13|0x00000000e0d00000, 0x00000000e0e00000, 0x00000000e0e00000|100%| O|  |TAMS 0x00000000e0d00000| PB 0x00000000e0d00000| Untracked 
|  14|0x00000000e0e00000, 0x00000000e0f00000, 0x00000000e0f00000|100%| O|  |TAMS 0x00000000e0e00000| PB 0x00000000e0e00000| Untracked 
|  15|0x00000000e0f00000, 0x00000000e1000000, 0x00000000e1000000|100%| O|  |TAMS 0x00000000e0f00000| PB 0x00000000e0f00000| Untracked 
|  16|0x00000000e1000000, 0x00000000e1100000, 0x00000000e1100000|100%| O|  |TAMS 0x00000000e1000000| PB 0x00000000e1000000| Untracked 
|  17|0x00000000e1100000, 0x00000000e1200000, 0x00000000e1200000|100%| O|  |TAMS 0x00000000e1100000| PB 0x00000000e1100000| Untracked 
|  18|0x00000000e1200000, 0x00000000e1300000, 0x00000000e1300000|100%| O|  |TAMS 0x00000000e1200000| PB 0x00000000e1200000| Untracked 
|  19|0x00000000e1300000, 0x00000000e1400000, 0x00000000e1400000|100%| O|  |TAMS 0x00000000e1300000| PB 0x00000000e1300000| Untracked 
|  20|0x00000000e1400000, 0x00000000e1500000, 0x00000000e1500000|100%|HS|  |TAMS 0x00000000e1400000| PB 0x00000000e1400000| Complete 
|  21|0x00000000e1500000, 0x00000000e1600000, 0x00000000e1600000|100%|HC|  |TAMS 0x00000000e1500000| PB 0x00000000e1500000| Complete 
|  22|0x00000000e1600000, 0x00000000e1700000, 0x00000000e1700000|100%|HC|  |TAMS 0x00000000e1600000| PB 0x00000000e1600000| Complete 
|  23|0x00000000e1700000, 0x00000000e1800000, 0x00000000e1800000|100%|HC|  |TAMS 0x00000000e1700000| PB 0x00000000e1700000| Complete 
|  24|0x00000000e1800000, 0x00000000e1900000, 0x00000000e1900000|100%|HC|  |TAMS 0x00000000e1800000| PB 0x00000000e1800000| Complete 
|  25|0x00000000e1900000, 0x00000000e1a00000, 0x00000000e1a00000|100%|HC|  |TAMS 0x00000000e1900000| PB 0x00000000e1900000| Complete 
|  26|0x00000000e1a00000, 0x00000000e1b00000, 0x00000000e1b00000|100%|HC|  |TAMS 0x00000000e1a00000| PB 0x00000000e1a00000| Complete 
|  27|0x00000000e1b00000, 0x00000000e1c00000, 0x00000000e1c00000|100%|HS|  |TAMS 0x00000000e1b00000| PB 0x00000000e1b00000| Complete 
|  28|0x00000000e1c00000, 0x00000000e1d00000, 0x00000000e1d00000|100%| O|  |TAMS 0x00000000e1c00000| PB 0x00000000e1c00000| Untracked 
|  29|0x00000000e1d00000, 0x00000000e1e00000, 0x00000000e1e00000|100%| O|  |TAMS 0x00000000e1d00000| PB 0x00000000e1d00000| Untracked 
|  30|0x00000000e1e00000, 0x00000000e1f00000, 0x00000000e1f00000|100%| O|  |TAMS 0x00000000e1e00000| PB 0x00000000e1e00000| Untracked 
|  31|0x00000000e1f00000, 0x00000000e2000000, 0x00000000e2000000|100%| O|  |TAMS 0x00000000e1f00000| PB 0x00000000e1f00000| Untracked 
|  32|0x00000000e2000000, 0x00000000e2100000, 0x00000000e2100000|100%| O|  |TAMS 0x00000000e2000000| PB 0x00000000e2000000| Untracked 
|  33|0x00000000e2100000, 0x00000000e2100000, 0x00000000e2200000|  0%| F|  |TAMS 0x00000000e2100000| PB 0x00000000e2100000| Untracked 
|  34|0x00000000e2200000, 0x00000000e2300000, 0x00000000e2300000|100%| O|  |TAMS 0x00000000e2200000| PB 0x00000000e2200000| Untracked 
|  35|0x00000000e2300000, 0x00000000e2400000, 0x00000000e2400000|100%| O|  |TAMS 0x00000000e2300000| PB 0x00000000e2300000| Untracked 
|  36|0x00000000e2400000, 0x00000000e2500000, 0x00000000e2500000|100%| O|Cm|TAMS 0x00000000e2400000| PB 0x00000000e2400000| Complete 
|  37|0x00000000e2500000, 0x00000000e2600000, 0x00000000e2600000|100%| O|  |TAMS 0x00000000e2500000| PB 0x00000000e2500000| Untracked 
|  38|0x00000000e2600000, 0x00000000e2700000, 0x00000000e2700000|100%| O|  |TAMS 0x00000000e2600000| PB 0x00000000e2600000| Untracked 
|  39|0x00000000e2700000, 0x00000000e2800000, 0x00000000e2800000|100%| O|  |TAMS 0x00000000e2700000| PB 0x00000000e2700000| Untracked 
|  40|0x00000000e2800000, 0x00000000e2900000, 0x00000000e2900000|100%| O|  |TAMS 0x00000000e2800000| PB 0x00000000e2800000| Untracked 
|  41|0x00000000e2900000, 0x00000000e2a00000, 0x00000000e2a00000|100%| O|  |TAMS 0x00000000e2900000| PB 0x00000000e2900000| Untracked 
|  42|0x00000000e2a00000, 0x00000000e2b00000, 0x00000000e2b00000|100%| O|  |TAMS 0x00000000e2a00000| PB 0x00000000e2a00000| Untracked 
|  43|0x00000000e2b00000, 0x00000000e2c00000, 0x00000000e2c00000|100%| O|  |TAMS 0x00000000e2b00000| PB 0x00000000e2b00000| Untracked 
|  44|0x00000000e2c00000, 0x00000000e2d00000, 0x00000000e2d00000|100%| O|  |TAMS 0x00000000e2c00000| PB 0x00000000e2c00000| Untracked 
|  45|0x00000000e2d00000, 0x00000000e2e00000, 0x00000000e2e00000|100%| O|  |TAMS 0x00000000e2d00000| PB 0x00000000e2d00000| Untracked 
|  46|0x00000000e2e00000, 0x00000000e2f00000, 0x00000000e2f00000|100%| O|  |TAMS 0x00000000e2e00000| PB 0x00000000e2e00000| Untracked 
|  47|0x00000000e2f00000, 0x00000000e2fec700, 0x00000000e3000000| 92%| O|  |TAMS 0x00000000e2f00000| PB 0x00000000e2f00000| Untracked 
|  48|0x00000000e3000000, 0x00000000e3000000, 0x00000000e3100000|  0%| F|  |TAMS 0x00000000e3000000| PB 0x00000000e3000000| Untracked 
|  49|0x00000000e3100000, 0x00000000e3100000, 0x00000000e3200000|  0%| F|  |TAMS 0x00000000e3100000| PB 0x00000000e3100000| Untracked 
|  50|0x00000000e3200000, 0x00000000e3200000, 0x00000000e3300000|  0%| F|  |TAMS 0x00000000e3200000| PB 0x00000000e3200000| Untracked 
|  51|0x00000000e3300000, 0x00000000e3300000, 0x00000000e3400000|  0%| F|  |TAMS 0x00000000e3300000| PB 0x00000000e3300000| Untracked 
|  52|0x00000000e3400000, 0x00000000e3400000, 0x00000000e3500000|  0%| F|  |TAMS 0x00000000e3400000| PB 0x00000000e3400000| Untracked 
|  53|0x00000000e3500000, 0x00000000e3500000, 0x00000000e3600000|  0%| F|  |TAMS 0x00000000e3500000| PB 0x00000000e3500000| Untracked 
|  54|0x00000000e3600000, 0x00000000e3600000, 0x00000000e3700000|  0%| F|  |TAMS 0x00000000e3600000| PB 0x00000000e3600000| Untracked 
|  55|0x00000000e3700000, 0x00000000e3700000, 0x00000000e3800000|  0%| F|  |TAMS 0x00000000e3700000| PB 0x00000000e3700000| Untracked 
|  56|0x00000000e3800000, 0x00000000e3800000, 0x00000000e3900000|  0%| F|  |TAMS 0x00000000e3800000| PB 0x00000000e3800000| Untracked 
|  57|0x00000000e3900000, 0x00000000e3900000, 0x00000000e3a00000|  0%| F|  |TAMS 0x00000000e3900000| PB 0x00000000e3900000| Untracked 
|  58|0x00000000e3a00000, 0x00000000e3a00000, 0x00000000e3b00000|  0%| F|  |TAMS 0x00000000e3a00000| PB 0x00000000e3a00000| Untracked 
|  59|0x00000000e3b00000, 0x00000000e3b00000, 0x00000000e3c00000|  0%| F|  |TAMS 0x00000000e3b00000| PB 0x00000000e3b00000| Untracked 
|  60|0x00000000e3c00000, 0x00000000e3c00000, 0x00000000e3d00000|  0%| F|  |TAMS 0x00000000e3c00000| PB 0x00000000e3c00000| Untracked 
|  61|0x00000000e3d00000, 0x00000000e3d00000, 0x00000000e3e00000|  0%| F|  |TAMS 0x00000000e3d00000| PB 0x00000000e3d00000| Untracked 
|  62|0x00000000e3e00000, 0x00000000e3e00000, 0x00000000e3f00000|  0%| F|  |TAMS 0x00000000e3e00000| PB 0x00000000e3e00000| Untracked 
|  63|0x00000000e3f00000, 0x00000000e3f00000, 0x00000000e4000000|  0%| F|  |TAMS 0x00000000e3f00000| PB 0x00000000e3f00000| Untracked 
|  64|0x00000000e4000000, 0x00000000e4000000, 0x00000000e4100000|  0%| F|  |TAMS 0x00000000e4000000| PB 0x00000000e4000000| Untracked 
|  65|0x00000000e4100000, 0x00000000e4100000, 0x00000000e4200000|  0%| F|  |TAMS 0x00000000e4100000| PB 0x00000000e4100000| Untracked 
|  66|0x00000000e4200000, 0x00000000e4200000, 0x00000000e4300000|  0%| F|  |TAMS 0x00000000e4200000| PB 0x00000000e4200000| Untracked 
|  67|0x00000000e4300000, 0x00000000e4300000, 0x00000000e4400000|  0%| F|  |TAMS 0x00000000e4300000| PB 0x00000000e4300000| Untracked 
|  68|0x00000000e4400000, 0x00000000e4400000, 0x00000000e4500000|  0%| F|  |TAMS 0x00000000e4400000| PB 0x00000000e4400000| Untracked 
|  69|0x00000000e4500000, 0x00000000e4500000, 0x00000000e4600000|  0%| F|  |TAMS 0x00000000e4500000| PB 0x00000000e4500000| Untracked 
|  70|0x00000000e4600000, 0x00000000e4600000, 0x00000000e4700000|  0%| F|  |TAMS 0x00000000e4600000| PB 0x00000000e4600000| Untracked 
|  71|0x00000000e4700000, 0x00000000e4700000, 0x00000000e4800000|  0%| F|  |TAMS 0x00000000e4700000| PB 0x00000000e4700000| Untracked 
|  72|0x00000000e4800000, 0x00000000e4800000, 0x00000000e4900000|  0%| F|  |TAMS 0x00000000e4800000| PB 0x00000000e4800000| Untracked 
|  73|0x00000000e4900000, 0x00000000e4900000, 0x00000000e4a00000|  0%| F|  |TAMS 0x00000000e4900000| PB 0x00000000e4900000| Untracked 
|  74|0x00000000e4a00000, 0x00000000e4a00000, 0x00000000e4b00000|  0%| F|  |TAMS 0x00000000e4a00000| PB 0x00000000e4a00000| Untracked 
|  75|0x00000000e4b00000, 0x00000000e4b00000, 0x00000000e4c00000|  0%| F|  |TAMS 0x00000000e4b00000| PB 0x00000000e4b00000| Untracked 
|  76|0x00000000e4c00000, 0x00000000e4c00000, 0x00000000e4d00000|  0%| F|  |TAMS 0x00000000e4c00000| PB 0x00000000e4c00000| Untracked 
|  77|0x00000000e4d00000, 0x00000000e4d00000, 0x00000000e4e00000|  0%| F|  |TAMS 0x00000000e4d00000| PB 0x00000000e4d00000| Untracked 
|  78|0x00000000e4e00000, 0x00000000e4e00000, 0x00000000e4f00000|  0%| F|  |TAMS 0x00000000e4e00000| PB 0x00000000e4e00000| Untracked 
|  79|0x00000000e4f00000, 0x00000000e4f00000, 0x00000000e5000000|  0%| F|  |TAMS 0x00000000e4f00000| PB 0x00000000e4f00000| Untracked 
|  80|0x00000000e5000000, 0x00000000e5000000, 0x00000000e5100000|  0%| F|  |TAMS 0x00000000e5000000| PB 0x00000000e5000000| Untracked 
|  81|0x00000000e5100000, 0x00000000e5100000, 0x00000000e5200000|  0%| F|  |TAMS 0x00000000e5100000| PB 0x00000000e5100000| Untracked 
|  82|0x00000000e5200000, 0x00000000e5200000, 0x00000000e5300000|  0%| F|  |TAMS 0x00000000e5200000| PB 0x00000000e5200000| Untracked 
|  83|0x00000000e5300000, 0x00000000e5300000, 0x00000000e5400000|  0%| F|  |TAMS 0x00000000e5300000| PB 0x00000000e5300000| Untracked 
|  84|0x00000000e5400000, 0x00000000e5400000, 0x00000000e5500000|  0%| F|  |TAMS 0x00000000e5400000| PB 0x00000000e5400000| Untracked 
|  85|0x00000000e5500000, 0x00000000e5500000, 0x00000000e5600000|  0%| F|  |TAMS 0x00000000e5500000| PB 0x00000000e5500000| Untracked 
|  86|0x00000000e5600000, 0x00000000e5600000, 0x00000000e5700000|  0%| F|  |TAMS 0x00000000e5600000| PB 0x00000000e5600000| Untracked 
|  87|0x00000000e5700000, 0x00000000e5700000, 0x00000000e5800000|  0%| F|  |TAMS 0x00000000e5700000| PB 0x00000000e5700000| Untracked 
|  88|0x00000000e5800000, 0x00000000e5800000, 0x00000000e5900000|  0%| F|  |TAMS 0x00000000e5800000| PB 0x00000000e5800000| Untracked 
|  89|0x00000000e5900000, 0x00000000e5900000, 0x00000000e5a00000|  0%| F|  |TAMS 0x00000000e5900000| PB 0x00000000e5900000| Untracked 
|  90|0x00000000e5a00000, 0x00000000e5a00000, 0x00000000e5b00000|  0%| F|  |TAMS 0x00000000e5a00000| PB 0x00000000e5a00000| Untracked 
|  91|0x00000000e5b00000, 0x00000000e5b00000, 0x00000000e5c00000|  0%| F|  |TAMS 0x00000000e5b00000| PB 0x00000000e5b00000| Untracked 
|  92|0x00000000e5c00000, 0x00000000e5c00000, 0x00000000e5d00000|  0%| F|  |TAMS 0x00000000e5c00000| PB 0x00000000e5c00000| Untracked 
|  93|0x00000000e5d00000, 0x00000000e5d00000, 0x00000000e5e00000|  0%| F|  |TAMS 0x00000000e5d00000| PB 0x00000000e5d00000| Untracked 
|  94|0x00000000e5e00000, 0x00000000e5e00000, 0x00000000e5f00000|  0%| F|  |TAMS 0x00000000e5e00000| PB 0x00000000e5e00000| Untracked 
|  95|0x00000000e5f00000, 0x00000000e5f00000, 0x00000000e6000000|  0%| F|  |TAMS 0x00000000e5f00000| PB 0x00000000e5f00000| Untracked 
|  96|0x00000000e6000000, 0x00000000e6000000, 0x00000000e6100000|  0%| F|  |TAMS 0x00000000e6000000| PB 0x00000000e6000000| Untracked 
|  97|0x00000000e6100000, 0x00000000e6100000, 0x00000000e6200000|  0%| F|  |TAMS 0x00000000e6100000| PB 0x00000000e6100000| Untracked 
|  98|0x00000000e6200000, 0x00000000e6200000, 0x00000000e6300000|  0%| F|  |TAMS 0x00000000e6200000| PB 0x00000000e6200000| Untracked 
|  99|0x00000000e6300000, 0x00000000e6300000, 0x00000000e6400000|  0%| F|  |TAMS 0x00000000e6300000| PB 0x00000000e6300000| Untracked 
| 100|0x00000000e6400000, 0x00000000e6400000, 0x00000000e6500000|  0%| F|  |TAMS 0x00000000e6400000| PB 0x00000000e6400000| Untracked 
| 101|0x00000000e6500000, 0x00000000e6500000, 0x00000000e6600000|  0%| F|  |TAMS 0x00000000e6500000| PB 0x00000000e6500000| Untracked 
| 102|0x00000000e6600000, 0x00000000e6600000, 0x00000000e6700000|  0%| F|  |TAMS 0x00000000e6600000| PB 0x00000000e6600000| Untracked 
| 103|0x00000000e6700000, 0x00000000e6700000, 0x00000000e6800000|  0%| F|  |TAMS 0x00000000e6700000| PB 0x00000000e6700000| Untracked 
| 104|0x00000000e6800000, 0x00000000e6800000, 0x00000000e6900000|  0%| F|  |TAMS 0x00000000e6800000| PB 0x00000000e6800000| Untracked 
| 105|0x00000000e6900000, 0x00000000e6900000, 0x00000000e6a00000|  0%| F|  |TAMS 0x00000000e6900000| PB 0x00000000e6900000| Untracked 
| 106|0x00000000e6a00000, 0x00000000e6a00000, 0x00000000e6b00000|  0%| F|  |TAMS 0x00000000e6a00000| PB 0x00000000e6a00000| Untracked 
| 107|0x00000000e6b00000, 0x00000000e6b00000, 0x00000000e6c00000|  0%| F|  |TAMS 0x00000000e6b00000| PB 0x00000000e6b00000| Untracked 
| 108|0x00000000e6c00000, 0x00000000e6c00000, 0x00000000e6d00000|  0%| F|  |TAMS 0x00000000e6c00000| PB 0x00000000e6c00000| Untracked 
| 109|0x00000000e6d00000, 0x00000000e6d00000, 0x00000000e6e00000|  0%| F|  |TAMS 0x00000000e6d00000| PB 0x00000000e6d00000| Untracked 
| 110|0x00000000e6e00000, 0x00000000e6e00000, 0x00000000e6f00000|  0%| F|  |TAMS 0x00000000e6e00000| PB 0x00000000e6e00000| Untracked 
| 111|0x00000000e6f00000, 0x00000000e6f00000, 0x00000000e7000000|  0%| F|  |TAMS 0x00000000e6f00000| PB 0x00000000e6f00000| Untracked 
| 112|0x00000000e7000000, 0x00000000e7000000, 0x00000000e7100000|  0%| F|  |TAMS 0x00000000e7000000| PB 0x00000000e7000000| Untracked 
| 113|0x00000000e7100000, 0x00000000e7100000, 0x00000000e7200000|  0%| F|  |TAMS 0x00000000e7100000| PB 0x00000000e7100000| Untracked 
| 114|0x00000000e7200000, 0x00000000e7300000, 0x00000000e7300000|100%| E|  |TAMS 0x00000000e7200000| PB 0x00000000e7200000| Complete 
| 115|0x00000000e7300000, 0x00000000e7400000, 0x00000000e7400000|100%| E|CS|TAMS 0x00000000e7300000| PB 0x00000000e7300000| Complete 
| 116|0x00000000e7400000, 0x00000000e7500000, 0x00000000e7500000|100%| E|CS|TAMS 0x00000000e7400000| PB 0x00000000e7400000| Complete 
| 117|0x00000000e7500000, 0x00000000e75facc8, 0x00000000e7600000| 97%| S|CS|TAMS 0x00000000e7500000| PB 0x00000000e7500000| Complete 
| 118|0x00000000e7600000, 0x00000000e7700000, 0x00000000e7700000|100%| E|CS|TAMS 0x00000000e7600000| PB 0x00000000e7600000| Complete 
| 119|0x00000000e7700000, 0x00000000e7800000, 0x00000000e7800000|100%| E|CS|TAMS 0x00000000e7700000| PB 0x00000000e7700000| Complete 

Card table byte_map: [0x000002037ec60000,0x000002037ed60000] _byte_map_base: 0x000002037e560000

Marking Bits: (CMBitMap*) 0x000002036b763a80
 Bits: [0x000002037ed60000, 0x000002037f560000)

Polling page: 0x000002036ae80000

Metaspace:

Usage:
  Non-class:     30.94 MB used.
      Class:      3.54 MB used.
       Both:     34.48 MB used.

Virtual space:
  Non-class space:       64.00 MB reserved,      31.94 MB ( 50%) committed,  1 nodes.
      Class space:        1.00 GB reserved,       4.38 MB ( <1%) committed,  1 nodes.
             Both:        1.06 GB reserved,      36.31 MB (  3%) committed. 

Chunk freelists:
   Non-Class:  15.73 MB
       Class:  11.50 MB
        Both:  27.24 MB

MaxMetaspaceSize: unlimited
CompressedClassSpaceSize: 1.00 GB
Initial GC threshold: 21.00 MB
Current GC threshold: 59.31 MB
CDS: on
 - commit_granule_bytes: 65536.
 - commit_granule_words: 8192.
 - virtual_space_node_default_size: 8388608.
 - enlarge_chunks_in_place: 1.
 - use_allocation_guard: 0.


Internal statistics:

num_allocs_failed_limit: 9.
num_arena_births: 3432.
num_arena_deaths: 0.
num_vsnodes_births: 2.
num_vsnodes_deaths: 0.
num_space_committed: 579.
num_space_uncommitted: 0.
num_chunks_returned_to_freelist: 9.
num_chunks_taken_from_freelist: 4962.
num_chunk_merges: 9.
num_chunk_splits: 3415.
num_chunks_enlarged: 2124.
num_inconsistent_stats: 0.

CodeHeap 'non-profiled nmethods': size=119168Kb used=2836Kb max_used=3279Kb free=116331Kb
 bounds [0x0000020376e80000, 0x00000203771c0000, 0x000002037e2e0000]
CodeHeap 'profiled nmethods': size=119104Kb used=10176Kb max_used=12182Kb free=108928Kb
 bounds [0x000002036f2e0000, 0x000002036fed0000, 0x0000020376730000]
CodeHeap 'non-nmethods': size=7488Kb used=1870Kb max_used=2490Kb free=5617Kb
 bounds [0x0000020376730000, 0x00000203769b0000, 0x0000020376e80000]
CodeCache: size=245760Kb, used=14882Kb, max_used=17951Kb, free=230876Kb
 total_blobs=5910, nmethods=4885, adapters=929, full_count=0
Compilation: enabled, stopped_count=0, restarted_count=0

Compilation events (20 events):
Event: 30.920 Thread 0x000002037f75dc30 5545       3       org.objectweb.asm.MethodWriter::visitLabel (332 bytes)
Event: 30.921 Thread 0x000002037f75dc30 nmethod 5545 0x000002036f358b10 code [0x000002036f358da0, 0x000002036f359ab0]
Event: 30.921 Thread 0x000002037f75dc30 5547       3       org.objectweb.asm.commons.GeneratorAdapter::dup (10 bytes)
Event: 30.921 Thread 0x000002037f75dc30 nmethod 5547 0x000002036f350c90 code [0x000002036f350e40, 0x000002036f351020]
Event: 30.921 Thread 0x000002037f75dc30 5548       3       org.objectweb.asm.Frame::getInputStackSize (6 bytes)
Event: 30.921 Thread 0x000002037f75dc30 nmethod 5548 0x000002036f2e6e10 code [0x000002036f2e6fa0, 0x000002036f2e70b8]
Event: 30.921 Thread 0x000002037f75dc30 5551       3       org.objectweb.asm.Type::appendDescriptor (185 bytes)
Event: 30.922 Thread 0x000002037f75dc30 nmethod 5551 0x000002036f68a890 code [0x000002036f68ab80, 0x000002036f68b758]
Event: 30.922 Thread 0x000002037f75dc30 5549       3       org.objectweb.asm.MethodWriter::visitVarInsn (302 bytes)
Event: 30.923 Thread 0x000002037f75dc30 nmethod 5549 0x000002036f7b0b90 code [0x000002036f7b0e00, 0x000002036f7b1790]
Event: 30.923 Thread 0x000002037f75dc30 5550       3       org.objectweb.asm.commons.GeneratorAdapter::invokeVirtual (11 bytes)
Event: 30.923 Thread 0x000002037f75dc30 nmethod 5550 0x000002036f365410 code [0x000002036f3655c0, 0x000002036f365718]
Event: 30.923 Thread 0x000002037f75dc30 5552       3       org.objectweb.asm.Type::getSize (86 bytes)
Event: 30.923 Thread 0x000002037f75dc30 nmethod 5552 0x000002036f486710 code [0x000002036f4868e0, 0x000002036f486c78]
Event: 30.923 Thread 0x000002037f75dc30 5553       3       org.objectweb.asm.Frame::putAbstractType (407 bytes)
Event: 30.924 Thread 0x000002037f75dc30 nmethod 5553 0x000002036f80d590 code [0x000002036f80da60, 0x000002036f80f4e0]
Event: 30.924 Thread 0x000002037f75dc30 5543       3       java.util.LinkedHashMap::values (5 bytes)
Event: 30.924 Thread 0x000002037f75dc30 nmethod 5543 0x000002036f3a6c90 code [0x000002036f3a6e40, 0x000002036f3a7000]
Event: 30.924 Thread 0x000002037f75dc30 5544       3       java.util.LinkedHashMap::sequencedValues (31 bytes)
Event: 30.924 Thread 0x000002037f75dc30 nmethod 5544 0x000002036f3bb790 code [0x000002036f3bb960, 0x000002036f3bbe08]

GC Heap History (20 events):
Event: 7.662 GC heap before
{Heap before GC invocations=0 (full 0):
 garbage-first heap   total 122880K, used 30720K [0x00000000e0000000, 0x0000000100000000)
  region size 1024K, 23 young (23552K), 0 survivors (0K)
 Metaspace       used 2143K, committed 2368K, reserved 1114112K
  class space    used 218K, committed 320K, reserved 1048576K
}
Event: 7.850 GC heap after
{Heap after GC invocations=1 (full 0):
 garbage-first heap   total 122880K, used 19264K [0x00000000e0000000, 0x0000000100000000)
  region size 1024K, 3 young (3072K), 3 survivors (3072K)
 Metaspace       used 2143K, committed 2368K, reserved 1114112K
  class space    used 218K, committed 320K, reserved 1048576K
}
Event: 9.026 GC heap before
{Heap before GC invocations=1 (full 0):
 garbage-first heap   total 122880K, used 35648K [0x00000000e0000000, 0x0000000100000000)
  region size 1024K, 19 young (19456K), 3 survivors (3072K)
 Metaspace       used 5589K, committed 5696K, reserved 1114112K
  class space    used 720K, committed 768K, reserved 1048576K
}
Event: 9.139 GC heap after
{Heap after GC invocations=2 (full 0):
 garbage-first heap   total 122880K, used 22115K [0x00000000e0000000, 0x0000000100000000)
  region size 1024K, 3 young (3072K), 3 survivors (3072K)
 Metaspace       used 5589K, committed 5696K, reserved 1114112K
  class space    used 720K, committed 768K, reserved 1048576K
}
Event: 11.423 GC heap before
{Heap before GC invocations=2 (full 0):
 garbage-first heap   total 122880K, used 65123K [0x00000000e0000000, 0x0000000100000000)
  region size 1024K, 34 young (34816K), 3 survivors (3072K)
 Metaspace       used 9726K, committed 9984K, reserved 1114112K
  class space    used 1157K, committed 1280K, reserved 1048576K
}
Event: 11.431 GC heap after
{Heap after GC invocations=3 (full 0):
 garbage-first heap   total 122880K, used 35937K [0x00000000e0000000, 0x0000000100000000)
  region size 1024K, 5 young (5120K), 5 survivors (5120K)
 Metaspace       used 9726K, committed 9984K, reserved 1114112K
  class space    used 1157K, committed 1280K, reserved 1048576K
}
Event: 13.551 GC heap before
{Heap before GC invocations=3 (full 0):
 garbage-first heap   total 122880K, used 79969K [0x00000000e0000000, 0x0000000100000000)
  region size 1024K, 48 young (49152K), 5 survivors (5120K)
 Metaspace       used 11808K, committed 12032K, reserved 1114112K
  class space    used 1475K, committed 1600K, reserved 1048576K
}
Event: 13.561 GC heap after
{Heap after GC invocations=4 (full 0):
 garbage-first heap   total 122880K, used 38306K [0x00000000e0000000, 0x0000000100000000)
  region size 1024K, 3 young (3072K), 3 survivors (3072K)
 Metaspace       used 11808K, committed 12032K, reserved 1114112K
  class space    used 1475K, committed 1600K, reserved 1048576K
}
Event: 14.410 GC heap before
{Heap before GC invocations=4 (full 0):
 garbage-first heap   total 122880K, used 89506K [0x00000000e0000000, 0x0000000100000000)
  region size 1024K, 53 young (54272K), 3 survivors (3072K)
 Metaspace       used 12949K, committed 13184K, reserved 1114112K
  class space    used 1582K, committed 1664K, reserved 1048576K
}
Event: 14.414 GC heap after
{Heap after GC invocations=5 (full 0):
 garbage-first heap   total 122880K, used 39123K [0x00000000e0000000, 0x0000000100000000)
  region size 1024K, 3 young (3072K), 3 survivors (3072K)
 Metaspace       used 12949K, committed 13184K, reserved 1114112K
  class space    used 1582K, committed 1664K, reserved 1048576K
}
Event: 24.433 GC heap before
{Heap before GC invocations=5 (full 0):
 garbage-first heap   total 122880K, used 100563K [0x00000000e0000000, 0x0000000100000000)
  region size 1024K, 63 young (64512K), 3 survivors (3072K)
 Metaspace       used 18805K, committed 19392K, reserved 1114112K
  class space    used 2093K, committed 2368K, reserved 1048576K
}
Event: 24.443 GC heap after
{Heap after GC invocations=6 (full 0):
 garbage-first heap   total 122880K, used 41435K [0x00000000e0000000, 0x0000000100000000)
  region size 1024K, 6 young (6144K), 6 survivors (6144K)
 Metaspace       used 18805K, committed 19392K, reserved 1114112K
  class space    used 2093K, committed 2368K, reserved 1048576K
}
Event: 24.962 GC heap before
{Heap before GC invocations=6 (full 0):
 garbage-first heap   total 122880K, used 50651K [0x00000000e0000000, 0x0000000100000000)
  region size 1024K, 16 young (16384K), 6 survivors (6144K)
 Metaspace       used 20636K, committed 21504K, reserved 1114112K
  class space    used 2322K, committed 2752K, reserved 1048576K
}
Event: 24.969 GC heap after
{Heap after GC invocations=7 (full 0):
 garbage-first heap   total 122880K, used 42165K [0x00000000e0000000, 0x0000000100000000)
  region size 1024K, 4 young (4096K), 4 survivors (4096K)
 Metaspace       used 20636K, committed 21504K, reserved 1114112K
  class space    used 2322K, committed 2752K, reserved 1048576K
}
Event: 29.959 GC heap before
{Heap before GC invocations=8 (full 0):
 garbage-first heap   total 122880K, used 102581K [0x00000000e0000000, 0x0000000100000000)
  region size 1024K, 63 young (64512K), 4 survivors (4096K)
 Metaspace       used 32026K, committed 33920K, reserved 1114112K
  class space    used 3371K, committed 4224K, reserved 1048576K
}
Event: 29.970 GC heap after
{Heap after GC invocations=9 (full 0):
 garbage-first heap   total 122880K, used 47951K [0x00000000e0000000, 0x0000000100000000)
  region size 1024K, 8 young (8192K), 8 survivors (8192K)
 Metaspace       used 32026K, committed 33920K, reserved 1114112K
  class space    used 3371K, committed 4224K, reserved 1048576K
}
Event: 30.770 GC heap before
{Heap before GC invocations=9 (full 0):
 garbage-first heap   total 122880K, used 58191K [0x00000000e0000000, 0x0000000100000000)
  region size 1024K, 19 young (19456K), 8 survivors (8192K)
 Metaspace       used 34091K, committed 35968K, reserved 1114112K
  class space    used 3534K, committed 4416K, reserved 1048576K
}
Event: 30.780 GC heap after
{Heap after GC invocations=10 (full 0):
 garbage-first heap   total 122880K, used 49761K [0x00000000e0000000, 0x0000000100000000)
  region size 1024K, 2 young (2048K), 2 survivors (2048K)
 Metaspace       used 34091K, committed 35968K, reserved 1114112K
  class space    used 3534K, committed 4416K, reserved 1048576K
}
Event: 30.834 GC heap before
{Heap before GC invocations=10 (full 0):
 garbage-first heap   total 122880K, used 50785K [0x00000000e0000000, 0x0000000100000000)
  region size 1024K, 4 young (4096K), 2 survivors (2048K)
 Metaspace       used 34421K, committed 36288K, reserved 1114112K
  class space    used 3545K, committed 4416K, reserved 1048576K
}
Event: 30.837 GC heap after
{Heap after GC invocations=11 (full 0):
 garbage-first heap   total 122880K, used 49052K [0x00000000e0000000, 0x0000000100000000)
  region size 1024K, 1 young (1024K), 1 survivors (1024K)
 Metaspace       used 34421K, committed 36288K, reserved 1114112K
  class space    used 3545K, committed 4416K, reserved 1048576K
}

Dll operation events (4 events):
Event: 0.028 Loaded shared library C:\Users\shahe\.jdks\jbr-21.0.11\bin\java.dll
Event: 0.101 Loaded shared library C:\Users\shahe\.jdks\jbr-21.0.11\bin\jsvml.dll
Event: 5.791 Loaded shared library C:\Users\shahe\.jdks\jbr-21.0.11\bin\zip.dll
Event: 8.541 Loaded shared library C:\Users\shahe\.jdks\jbr-21.0.11\bin\verify.dll

Deoptimization events (20 events):
Event: 30.284 Thread 0x000002034a174010 Uncommon trap: trap_request=0xffffffde fr.pc=0x000002037706a62c relative=0x000000000000008c
Event: 30.284 Thread 0x000002034a174010 Uncommon trap: reason=class_check action=maybe_recompile pc=0x000002037706a62c method=java.io.FilterInputStream.read([BII)I @ 7 c2
Event: 30.284 Thread 0x000002034a174010 DEOPT PACKING pc=0x000002037706a62c sp=0x000000ecbd0fa780
Event: 30.284 Thread 0x000002034a174010 DEOPT UNPACKING pc=0x0000020376784422 sp=0x000000ecbd0fa6e8 mode 2
Event: 30.856 Thread 0x000002034a174010 Uncommon trap: trap_request=0xffffffbe fr.pc=0x00000203771afde8 relative=0x00000000000019c8
Event: 30.856 Thread 0x000002034a174010 Uncommon trap: reason=profile_predicate action=maybe_recompile pc=0x00000203771afde8 method=java.lang.invoke.InvokerBytecodeGenerator.<init>(Ljava/lang/String;Ljava/lang/String;Ljava/lang/invoke/LambdaForm;Ljava/lang/invoke/MethodType;)V @ 33 c2
Event: 30.856 Thread 0x000002034a174010 DEOPT PACKING pc=0x00000203771afde8 sp=0x000000ecbd0fd2c0
Event: 30.856 Thread 0x000002034a174010 DEOPT UNPACKING pc=0x0000020376784422 sp=0x000000ecbd0fd290 mode 2
Event: 30.858 Thread 0x000002034a174010 Uncommon trap: trap_request=0xffffffbe fr.pc=0x00000203771afde8 relative=0x00000000000019c8
Event: 30.858 Thread 0x000002034a174010 Uncommon trap: reason=profile_predicate action=maybe_recompile pc=0x00000203771afde8 method=java.lang.invoke.InvokerBytecodeGenerator.<init>(Ljava/lang/String;Ljava/lang/String;Ljava/lang/invoke/LambdaForm;Ljava/lang/invoke/MethodType;)V @ 33 c2
Event: 30.858 Thread 0x000002034a174010 DEOPT PACKING pc=0x00000203771afde8 sp=0x000000ecbd0fd250
Event: 30.858 Thread 0x000002034a174010 DEOPT UNPACKING pc=0x0000020376784422 sp=0x000000ecbd0fd220 mode 2
Event: 30.894 Thread 0x000002034a174010 Uncommon trap: trap_request=0xffffffbe fr.pc=0x00000203771afde8 relative=0x00000000000019c8
Event: 30.894 Thread 0x000002034a174010 Uncommon trap: reason=profile_predicate action=maybe_recompile pc=0x00000203771afde8 method=java.lang.invoke.InvokerBytecodeGenerator.<init>(Ljava/lang/String;Ljava/lang/String;Ljava/lang/invoke/LambdaForm;Ljava/lang/invoke/MethodType;)V @ 33 c2
Event: 30.894 Thread 0x000002034a174010 DEOPT PACKING pc=0x00000203771afde8 sp=0x000000ecbd0fdf40
Event: 30.894 Thread 0x000002034a174010 DEOPT UNPACKING pc=0x0000020376784422 sp=0x000000ecbd0fdf10 mode 2
Event: 30.895 Thread 0x000002034a174010 Uncommon trap: trap_request=0xffffffbe fr.pc=0x00000203771afde8 relative=0x00000000000019c8
Event: 30.895 Thread 0x000002034a174010 Uncommon trap: reason=profile_predicate action=maybe_recompile pc=0x00000203771afde8 method=java.lang.invoke.InvokerBytecodeGenerator.<init>(Ljava/lang/String;Ljava/lang/String;Ljava/lang/invoke/LambdaForm;Ljava/lang/invoke/MethodType;)V @ 33 c2
Event: 30.895 Thread 0x000002034a174010 DEOPT PACKING pc=0x00000203771afde8 sp=0x000000ecbd0fde60
Event: 30.895 Thread 0x000002034a174010 DEOPT UNPACKING pc=0x0000020376784422 sp=0x000000ecbd0fde30 mode 2

Classes loaded (20 events):
Event: 25.853 Loading class jdk/internal/loader/NativeLibraries$Unloader
Event: 25.853 Loading class jdk/internal/loader/NativeLibraries$Unloader done
Event: 25.945 Loading class java/util/Locale$LocaleKey
Event: 25.945 Loading class java/util/Locale$LocaleKey done
Event: 25.945 Loading class java/util/Locale$LocaleNameGetter
Event: 25.945 Loading class java/util/Locale$LocaleNameGetter done
Event: 25.945 Loading class java/util/Locale$LanguageRange
Event: 25.945 Loading class java/util/Locale$LanguageRange done
Event: 27.172 Loading class org/xml/sax/ContentHandler
Event: 27.172 Loading class org/xml/sax/ContentHandler done
Event: 27.172 Loading class org/xml/sax/XMLReader
Event: 27.173 Loading class org/xml/sax/XMLReader done
Event: 29.368 Loading class javax/crypto/NoSuchPaddingException
Event: 29.368 Loading class javax/crypto/NoSuchPaddingException done
Event: 29.375 Loading class java/io/DeleteOnExitHook
Event: 29.376 Loading class java/io/DeleteOnExitHook done
Event: 29.376 Loading class java/io/DeleteOnExitHook$1
Event: 29.376 Loading class java/io/DeleteOnExitHook$1 done
Event: 29.395 Loading class java/util/IllformedLocaleException
Event: 29.397 Loading class java/util/IllformedLocaleException done

Classes unloaded (0 events):
No events

Classes redefined (0 events):
No events

Internal exceptions (20 events):
Event: 30.912 Thread 0x000002034a174010 Exception <a 'sun/nio/fs/WindowsException'{0x00000000e763bb58}> (0x00000000e763bb58) 
thrown [s\src\hotspot\share\prims\jni.cpp, line 537]
Event: 30.912 Thread 0x000002034a174010 Exception <a 'sun/nio/fs/WindowsException'{0x00000000e763cac0}> (0x00000000e763cac0) 
thrown [s\src\hotspot\share\prims\jni.cpp, line 537]
Event: 30.914 Thread 0x000002034a174010 Exception <a 'sun/nio/fs/WindowsException'{0x00000000e7644f30}> (0x00000000e7644f30) 
thrown [s\src\hotspot\share\prims\jni.cpp, line 537]
Event: 30.914 Thread 0x000002034a174010 Exception <a 'sun/nio/fs/WindowsException'{0x00000000e7646058}> (0x00000000e7646058) 
thrown [s\src\hotspot\share\prims\jni.cpp, line 537]
Event: 30.914 Thread 0x000002034a174010 Exception <a 'sun/nio/fs/WindowsException'{0x00000000e7647120}> (0x00000000e7647120) 
thrown [s\src\hotspot\share\prims\jni.cpp, line 537]
Event: 30.915 Thread 0x000002034a174010 Exception <a 'sun/nio/fs/WindowsException'{0x00000000e76509b0}> (0x00000000e76509b0) 
thrown [s\src\hotspot\share\prims\jni.cpp, line 537]
Event: 30.915 Thread 0x000002034a174010 Exception <a 'sun/nio/fs/WindowsException'{0x00000000e7651a30}> (0x00000000e7651a30) 
thrown [s\src\hotspot\share\prims\jni.cpp, line 537]
Event: 30.915 Thread 0x000002034a174010 Exception <a 'sun/nio/fs/WindowsException'{0x00000000e7652a58}> (0x00000000e7652a58) 
thrown [s\src\hotspot\share\prims\jni.cpp, line 537]
Event: 30.917 Thread 0x000002034a174010 Exception <a 'sun/nio/fs/WindowsException'{0x00000000e7664240}> (0x00000000e7664240) 
thrown [s\src\hotspot\share\prims\jni.cpp, line 537]
Event: 30.917 Thread 0x000002034a174010 Exception <a 'sun/nio/fs/WindowsException'{0x00000000e7665358}> (0x00000000e7665358) 
thrown [s\src\hotspot\share\prims\jni.cpp, line 537]
Event: 30.917 Thread 0x000002034a174010 Exception <a 'sun/nio/fs/WindowsException'{0x00000000e7666420}> (0x00000000e7666420) 
thrown [s\src\hotspot\share\prims\jni.cpp, line 537]
Event: 30.968 Thread 0x000002034a174010 Exception <a 'sun/nio/fs/WindowsException'{0x00000000e747db50}> (0x00000000e747db50) 
thrown [s\src\hotspot\share\prims\jni.cpp, line 537]
Event: 30.969 Thread 0x000002034a174010 Exception <a 'sun/nio/fs/WindowsException'{0x00000000e747ee20}> (0x00000000e747ee20) 
thrown [s\src\hotspot\share\prims\jni.cpp, line 537]
Event: 30.969 Thread 0x000002034a174010 Exception <a 'sun/nio/fs/WindowsException'{0x00000000e7480090}> (0x00000000e7480090) 
thrown [s\src\hotspot\share\prims\jni.cpp, line 537]
Event: 30.971 Thread 0x000002034a174010 Exception <a 'sun/nio/fs/WindowsException'{0x00000000e7497b88}> (0x00000000e7497b88) 
thrown [s\src\hotspot\share\prims\jni.cpp, line 537]
Event: 30.972 Thread 0x000002034a174010 Exception <a 'sun/nio/fs/WindowsException'{0x00000000e7498e68}> (0x00000000e7498e68) 
thrown [s\src\hotspot\share\prims\jni.cpp, line 537]
Event: 30.972 Thread 0x000002034a174010 Exception <a 'sun/nio/fs/WindowsException'{0x00000000e749a0f8}> (0x00000000e749a0f8) 
thrown [s\src\hotspot\share\prims\jni.cpp, line 537]
Event: 30.985 Thread 0x000002034a174010 Exception <a 'sun/nio/fs/WindowsException'{0x00000000e74d31c8}> (0x00000000e74d31c8) 
thrown [s\src\hotspot\share\prims\jni.cpp, line 537]
Event: 30.986 Thread 0x000002034a174010 Exception <a 'sun/nio/fs/WindowsException'{0x00000000e74d4488}> (0x00000000e74d4488) 
thrown [s\src\hotspot\share\prims\jni.cpp, line 537]
Event: 30.986 Thread 0x000002034a174010 Exception <a 'sun/nio/fs/WindowsException'{0x00000000e74d56f8}> (0x00000000e74d56f8) 
thrown [s\src\hotspot\share\prims\jni.cpp, line 537]

ZGC Phase Switch (0 events):
No events

VM Operations (20 events):
Event: 26.618 Executing non-safepoint VM operation: HandshakeAllThreads (Deoptimize)
Event: 26.619 Executing non-safepoint VM operation: HandshakeAllThreads (Deoptimize) done
Event: 26.623 Executing non-safepoint VM operation: HandshakeAllThreads (Deoptimize)
Event: 26.623 Executing non-safepoint VM operation: HandshakeAllThreads (Deoptimize) done
Event: 27.628 Executing safepoint VM operation: Cleanup
Event: 27.628 Executing safepoint VM operation: Cleanup done
Event: 28.638 Executing safepoint VM operation: Cleanup
Event: 28.639 Executing safepoint VM operation: Cleanup done
Event: 29.649 Executing safepoint VM operation: Cleanup
Event: 29.649 Executing safepoint VM operation: Cleanup done
Event: 29.959 Executing safepoint VM operation: G1CollectForAllocation (G1 Evacuation Pause)
Event: 29.970 Executing safepoint VM operation: G1CollectForAllocation (G1 Evacuation Pause) done
Event: 30.770 Executing safepoint VM operation: CollectForMetadataAllocation (Metadata GC Threshold)
Event: 30.780 Executing safepoint VM operation: CollectForMetadataAllocation (Metadata GC Threshold) done
Event: 30.833 Executing safepoint VM operation: CollectForMetadataAllocation (Metadata GC Threshold)
Event: 30.837 Executing safepoint VM operation: CollectForMetadataAllocation (Metadata GC Threshold) done
Event: 30.867 Executing safepoint VM operation: G1PauseRemark
Event: 30.872 Executing safepoint VM operation: G1PauseRemark done
Event: 30.880 Executing safepoint VM operation: G1PauseCleanup
Event: 30.880 Executing safepoint VM operation: G1PauseCleanup done

Memory protections (0 events):
No events

Nmethod flushes (20 events):
Event: 30.871 Thread 0x000002037f7201e0 flushing  nmethod 0x000002036f3ef810
Event: 30.871 Thread 0x000002037f7201e0 flushing  nmethod 0x000002036f3f1390
Event: 30.871 Thread 0x000002037f7201e0 flushing  nmethod 0x000002036f3f2610
Event: 30.871 Thread 0x000002037f7201e0 flushing  nmethod 0x000002036f487790
Event: 30.871 Thread 0x000002037f7201e0 flushing  nmethod 0x000002036f48a690
Event: 30.871 Thread 0x000002037f7201e0 flushing  nmethod 0x000002036f48b390
Event: 30.871 Thread 0x000002037f7201e0 flushing  nmethod 0x000002036f48bc10
Event: 30.871 Thread 0x000002037f7201e0 flushing  nmethod 0x000002036f52e210
Event: 30.871 Thread 0x000002037f7201e0 flushing  nmethod 0x000002036f530a10
Event: 30.871 Thread 0x000002037f7201e0 flushing  nmethod 0x000002036f5b1c90
Event: 30.871 Thread 0x000002037f7201e0 flushing  nmethod 0x000002036f655010
Event: 30.871 Thread 0x000002037f7201e0 flushing  nmethod 0x000002036f655710
Event: 30.871 Thread 0x000002037f7201e0 flushing  nmethod 0x000002036f658990
Event: 30.871 Thread 0x000002037f7201e0 flushing  nmethod 0x000002036f769410
Event: 30.871 Thread 0x000002037f7201e0 flushing  nmethod 0x000002036f772790
Event: 30.871 Thread 0x000002037f7201e0 flushing  nmethod 0x000002036f7fa510
Event: 30.871 Thread 0x000002037f7201e0 flushing  nmethod 0x000002036f804990
Event: 30.871 Thread 0x000002037f7201e0 flushing  nmethod 0x000002036f847e90
Event: 30.871 Thread 0x000002037f7201e0 flushing  nmethod 0x000002036f9d2210
Event: 30.871 Thread 0x000002037f7201e0 flushing  nmethod 0x000002036f9da690

Events (20 events):
Event: 5.917 Loaded shared library C:\Users\shahe\.jdks\jbr-21.0.11\bin\jimage.dll
Event: 6.216 Thread 0x0000020302758480 Thread exited: 0x0000020302758480
Event: 8.125 Loaded shared library C:\Users\shahe\.jdks\jbr-21.0.11\bin\extnet.dll
Event: 8.202 Thread 0x000002030278fb00 Thread added: 0x000002034a715070
Event: 8.318 Thread 0x0000020369329810 Thread added: 0x000002034a6f1e80
Event: 8.381 Loaded shared library C:\Users\shahe\.jdks\jbr-21.0.11\bin\sunmscapi.dll
Event: 8.553 Thread 0x0000020369329810 Thread added: 0x0000020349762250
Event: 8.553 Thread 0x0000020369329810 Thread added: 0x0000020349ce8ed0
Event: 10.744 Thread 0x000002034a715070 Thread exited: 0x000002034a715070
Event: 10.945 Thread 0x000002030278fb00 Thread exited: 0x000002030278fb00
Event: 11.094 Thread 0x0000020369329810 Thread added: 0x000002034a174010
Event: 11.113 Thread 0x000002037f75dc30 Thread added: 0x0000020349428dd0
Event: 11.300 Thread 0x000002037f75dc30 Thread added: 0x0000020349c5e700
Event: 11.795 Thread 0x0000020349c5e700 Thread exited: 0x0000020349c5e700
Event: 14.564 Thread 0x000002034a174010 Thread added: 0x00000203028b17c0
Event: 14.579 Thread 0x00000203028b17c0 Thread exited: 0x00000203028b17c0
Event: 17.385 Thread 0x0000020349428dd0 Thread exited: 0x0000020349428dd0
Event: 24.018 Loaded shared library C:\Users\shahe\AppData\Local\Temp\robolectric-nativeruntime892081509690341523\libandroid_runtime.dll
Event: 25.006 Thread 0x000002034a174010 Thread added: 0x000002034ac7afa0
Event: 29.360 Loaded shared library C:\Users\shahe\AppData\Local\Temp\conscrypt_openjdk_jni-windows-x86_6417897341172100000.dll


Dynamic libraries:
0x00007ff61fa00000 - 0x00007ff61fa0a000 	C:\Users\shahe\.jdks\jbr-21.0.11\bin\java.exe
0x00007ff8b3dd0000 - 0x00007ff8b3fe7000 	C:\Windows\SYSTEM32\ntdll.dll
0x00007ff8b33a0000 - 0x00007ff8b3464000 	C:\Windows\System32\KERNEL32.DLL
0x00007ff8b1120000 - 0x00007ff8b14f2000 	C:\Windows\System32\KERNELBASE.dll
0x00007ff8b18e0000 - 0x00007ff8b19f1000 	C:\Windows\System32\ucrtbase.dll
0x00007ff89b750000 - 0x00007ff89b768000 	C:\Users\shahe\.jdks\jbr-21.0.11\bin\jli.dll
0x00007ff89b770000 - 0x00007ff89b78e000 	C:\Users\shahe\.jdks\jbr-21.0.11\bin\VCRUNTIME140.dll
0x00007ff8b2160000 - 0x00007ff8b2311000 	C:\Windows\System32\USER32.dll
0x00007ff8b00e0000 - 0x00007ff8b0378000 	C:\Windows\WinSxS\amd64_microsoft.windows.common-controls_6595b64144ccf1df_6.0.22621.4950_none_2711e8477383c17f\COMCTL32.dll
0x00007ff8b18b0000 - 0x00007ff8b18d6000 	C:\Windows\System32\win32u.dll
0x00007ff8b3aa0000 - 0x00007ff8b3b47000 	C:\Windows\System32\msvcrt.dll
0x00007ff8b1be0000 - 0x00007ff8b1c09000 	C:\Windows\System32\GDI32.dll
0x00007ff8b1790000 - 0x00007ff8b18ab000 	C:\Windows\System32\gdi32full.dll
0x00007ff8b16f0000 - 0x00007ff8b178a000 	C:\Windows\System32\msvcp_win.dll
0x00007ff8b20b0000 - 0x00007ff8b20e1000 	C:\Windows\System32\IMM32.DLL
0x00007ff89c310000 - 0x00007ff89c31c000 	C:\Users\shahe\.jdks\jbr-21.0.11\bin\vcruntime140_1.dll
0x00007ff8886b0000 - 0x00007ff888739000 	C:\Users\shahe\.jdks\jbr-21.0.11\bin\msvcp140.dll
0x00007ff837a40000 - 0x00007ff83880e000 	C:\Users\shahe\.jdks\jbr-21.0.11\bin\server\jvm.dll
0x00007ff8b2600000 - 0x00007ff8b26b1000 	C:\Windows\System32\ADVAPI32.dll
0x00007ff8b39f0000 - 0x00007ff8b3a97000 	C:\Windows\System32\sechost.dll
0x00007ff8b1500000 - 0x00007ff8b1528000 	C:\Windows\System32\bcrypt.dll
0x00007ff8b2320000 - 0x00007ff8b2434000 	C:\Windows\System32\RPCRT4.dll
0x00007ff8b1a80000 - 0x00007ff8b1af1000 	C:\Windows\System32\WS2_32.dll
0x00007ff8ad690000 - 0x00007ff8ad6c4000 	C:\Windows\SYSTEM32\WINMM.dll
0x00007ff8aaac0000 - 0x00007ff8aaaca000 	C:\Windows\SYSTEM32\VERSION.dll
0x00007ff8b0dc0000 - 0x00007ff8b0e0d000 	C:\Windows\SYSTEM32\POWRPROF.dll
0x00007ff8b0da0000 - 0x00007ff8b0db3000 	C:\Windows\SYSTEM32\UMPDC.dll
0x00007ff8af650000 - 0x00007ff8af668000 	C:\Windows\SYSTEM32\kernel.appcore.dll
0x00007ff89bca0000 - 0x00007ff89bcaa000 	C:\Users\shahe\.jdks\jbr-21.0.11\bin\jimage.dll
0x00007ff8b0760000 - 0x00007ff8b0992000 	C:\Windows\SYSTEM32\DBGHELP.DLL
0x00007ff8b1c60000 - 0x00007ff8b1ff1000 	C:\Windows\System32\combase.dll
0x00007ff8b1b00000 - 0x00007ff8b1bd7000 	C:\Windows\System32\OLEAUT32.dll
0x00007ff8b0650000 - 0x00007ff8b0682000 	C:\Windows\SYSTEM32\dbgcore.DLL
0x00007ff8b1a00000 - 0x00007ff8b1a7b000 	C:\Windows\System32\bcryptPrimitives.dll
0x00007ff89b720000 - 0x00007ff89b741000 	C:\Users\shahe\.jdks\jbr-21.0.11\bin\java.dll
0x00007ff8b27d0000 - 0x00007ff8b305a000 	C:\Windows\System32\SHELL32.dll
0x00007ff8b15b0000 - 0x00007ff8b16ef000 	C:\Windows\System32\wintypes.dll
0x00007ff8ae590000 - 0x00007ff8aee9f000 	C:\Windows\SYSTEM32\windows.storage.dll
0x00007ff8b3060000 - 0x00007ff8b316a000 	C:\Windows\System32\SHCORE.dll
0x00007ff8b3d20000 - 0x00007ff8b3d83000 	C:\Windows\System32\shlwapi.dll
0x00007ff8b0e20000 - 0x00007ff8b0e4b000 	C:\Windows\SYSTEM32\profapi.dll
0x00007ff87baf0000 - 0x00007ff87bbc7000 	C:\Users\shahe\.jdks\jbr-21.0.11\bin\jsvml.dll
0x00007ff89b100000 - 0x00007ff89b111000 	C:\Users\shahe\.jdks\jbr-21.0.11\bin\net.dll
0x00007ff8ac1c0000 - 0x00007ff8ac2ec000 	C:\Windows\SYSTEM32\WINHTTP.dll
0x00007ff8afa90000 - 0x00007ff8afafa000 	C:\Windows\system32\mswsock.dll
0x00007ff89b0e0000 - 0x00007ff89b0f6000 	C:\Users\shahe\.jdks\jbr-21.0.11\bin\nio.dll
0x00007ff891960000 - 0x00007ff891978000 	C:\Users\shahe\.jdks\jbr-21.0.11\bin\zip.dll
0x00007ff895270000 - 0x00007ff895279000 	C:\Users\shahe\.jdks\jbr-21.0.11\bin\extnet.dll
0x00007ff89a5c0000 - 0x00007ff89a5ce000 	C:\Users\shahe\.jdks\jbr-21.0.11\bin\sunmscapi.dll
0x00007ff8b0fb0000 - 0x00007ff8b1116000 	C:\Windows\System32\CRYPT32.dll
0x00007ff8b00b0000 - 0x00007ff8b00dd000 	C:\Windows\SYSTEM32\ncrypt.dll
0x00007ff8b0070000 - 0x00007ff8b00a7000 	C:\Windows\SYSTEM32\NTASN1.dll
0x00007ff89c2b0000 - 0x00007ff89c2b8000 	C:\Windows\system32\wshunix.dll
0x00007ff8b0aa0000 - 0x00007ff8b0abb000 	C:\Windows\SYSTEM32\CRYPTSP.dll
0x00007ff8afb00000 - 0x00007ff8afb35000 	C:\Windows\system32\rsaenh.dll
0x00007ff8afbc0000 - 0x00007ff8afbe8000 	C:\Windows\SYSTEM32\USERENV.dll
0x00007ff8afd40000 - 0x00007ff8afd4c000 	C:\Windows\SYSTEM32\CRYPTBASE.dll
0x00007ff8af100000 - 0x00007ff8af12d000 	C:\Windows\SYSTEM32\IPHLPAPI.DLL
0x00007ff8b20f0000 - 0x00007ff8b20f9000 	C:\Windows\System32\NSI.dll
0x00007ff89b680000 - 0x00007ff89b690000 	C:\Users\shahe\.jdks\jbr-21.0.11\bin\verify.dll
0x00007ff868d10000 - 0x00007ff869a30000 	C:\Users\shahe\AppData\Local\Temp\robolectric-nativeruntime892081509690341523\libandroid_runtime.dll
0x00007ff86c5b0000 - 0x00007ff86c798000 	C:\Users\shahe\AppData\Local\Temp\conscrypt_openjdk_jni-windows-x86_6417897341172100000.dll

JVMTI agents: none

dbghelp: loaded successfully - version: 4.0.5 - missing functions: none
symbol engine: initialized successfully - sym options: 0x614 - pdb path: .;C:\Users\shahe\.jdks\jbr-21.0.11\bin;C:\Windows\SYSTEM32;C:\Windows\WinSxS\amd64_microsoft.windows.common-controls_6595b64144ccf1df_6.0.22621.4950_none_2711e8477383c17f;C:\Users\shahe\.jdks\jbr-21.0.11\bin\server;C:\Users\shahe\AppData\Local\Temp\robolectric-nativeruntime892081509690341523;C:\Users\shahe\AppData\Local\Temp

VM Arguments:
jvm_args: -Djava.awt.headless=true -Djava.library.path=C:\Users\shahe\.jdks\jbr-21.0.11\bin;C:\Windows\Sun\Java\bin;C:\Windows\system32;C:\Windows;C:\Windows\system32;C:\Windows;C:\Windows\System32\Wbem;C:\Windows\System32\WindowsPowerShell\v1.0\;C:\Windows\System32\OpenSSH\;C:\Program Files (x86)\NVIDIA Corporation\PhysX\Common;C:\Program Files\NVIDIA Corporation\NVIDIA NvDLISR;C:\Windows\system32;C:\Windows;C:\Windows\System32\Wbem;C:\Windows\System32\WindowsPowerShell\v1.0\;C:\Windows\System32\OpenSSH\;C:\Program Files\Git\cmd;C:\Program Files\nodejs\;C:\Users\shahe\miniconda3;C:\Users\shahe\miniconda3\Library\mingw-w64\bin;C:\Users\shahe\miniconda3\Library\usr\bin;C:\Users\shahe\miniconda3\Library\bin;C:\Users\shahe\miniconda3\Scripts;C:\Users\shahe\AppData\Local\Microsoft\WindowsApps;C:\Users\shahe\AppData\Local\Microsoft\WinGet\Packages\Gyan.FFmpeg_Microsoft.Winget.Source_8wekyb3d8bbwe\ffmpeg-7.0.2-full_build\bin;C:\Users\shahe\AppData\Local\Programs\Microsoft VS Code\bin;C:\Users\shahe\AppData\Roaming\npm;.;D:\Android Projects\cpl\feature\discovery\src\testDebug\jniLibs;D:\Android Projects\cpl\feature\discovery\src\test\jniLibs -Dorg.gradle.internal.worker.tmpdir=D:\Android Projects\cpl\feature\discovery\build\tmp\testDebugUnitTest\work -Droborazzi.compare.output.dir=D:\Android Projects\cpl\feature\discovery\build\outputs\roborazzi -Droborazzi.output.dir=build\outputs\roborazzi -Droborazzi.project.path=D:\Android Projects\cpl\feature\discovery -Droborazzi.result.dir=build\test-results\roborazzi\debug\results -Droborazzi.test.compare=false -Droborazzi.test.record=false -Droborazzi.test.verify=true --add-opens=java.base/java.io=ALL-UNNAMED -Xmx512m -Dfile.encoding=UTF-8 -Duser.country=US -Duser.language=en -Duser.variant -ea 
java_command: worker.org.gradle.process.internal.worker.GradleWorkerMain 'Gradle Test Executor 59'
java_class_path (initial): C:\Users\shahe\.gradle\caches\9.5.0\workerMain\gradle-worker.jar;D:\Android Projects\cpl\feature\discovery\build\intermediates\unit_test_config_directory\debugUnitTest\generateDebugUnitTestConfig\out;D:\Android Projects\cpl\feature\discovery\build\intermediates\classes\debugUnitTest\transformDebugUnitTestClassesWithAsm\jars\0.jar;D:\Android Projects\cpl\feature\discovery\build\intermediates\classes\debugUnitTest\transformDebugUnitTestClassesWithAsm\dirs;D:\Android Projects\cpl\feature\discovery\build\intermediates\java_res\debugUnitTest\processDebugUnitTestJavaRes\out;D:\Android Projects\cpl\feature\discovery\build\intermediates\runtime_library_classes_jar\debug\bundleLibRuntimeToJarDebug\classes.jar;D:\Android Projects\cpl\core\testing\build\intermediates\runtime_library_classes_jar\debug\bundleLibRuntimeToJarDebug\classes.jar;C:\Users\shahe\.gradle\caches\modules-2\files-2.1\com.google.truth\truth\1.4.5\176753805c1c7d8ec439dd61c48bd688cdc48436\truth-1.4.5.jar;C:\Users\shahe\.gradle\caches\9.5.0\transforms\8f1fd9fa09f6319c06b91106015c0fed\transformed\roborazzi-junit-rule-1.74.0-runtime.jar;C:\Users\shahe\.gradle\caches\9.5.0\transforms\dfdfdfaa1db3735676ab2288b687cd7b\transformed\junit-ktx-1.2.1-runtime.jar;D:\Android Projects\cpl\core\ui\build\intermediates\runtime_library_classes_jar\debug\bundleLibRuntimeToJarDebug\classes.jar;D:\Android Projects\cpl\core\designsystem\build\intermediates\runtime_library_classes_jar\debug\bundleLibRuntimeToJarDebug\classes.jar;D:\Android Projects\cpl\core\navigation\build\intermediates\runtime_library_classes_jar\debug\bundleLibRuntimeToJarDebug\classes.jar;C:\Users\shahe\.gradle\caches\9.5.0\transforms\31261e28575aa50885e346ca1caafdb8\transformed\hilt-navigation-compose-1.4.0-runtime.jar;C:\Users\shahe\.gradle\caches\9.5.0\transforms\8f5f78923595f508f650f023750b05bb\transformed\navigation-runtime-runtime.jar;C:\Users\shahe\.gradle\caches\9.5.0\transforms\bdaa13bae17a25abb3abc8707c5a16ad\transformed\navigation-common-runtime.jar;C:\Users\shahe\.gradle\caches\9.5.0\transforms\947abe775c0cab192b02faf277d71b56\transformed\navigation-compose-runtime.jar;D:\Android Projects\cpl\core\data\build\intermediates\runtime_library_classes_jar\debug\bundleLibRuntimeToJarDebug\classes.jar;D:\Android Projects\cpl\core\datastore\build\intermediates\runtime_library_classes_jar\debug\bundleLibRuntimeToJarDebug\classes.jar;D:\Android Projects\cpl\core\firebase\build\intermediates\runtime_library_classes_jar\debug\bundleLibRuntimeToJarDebug\classes.jar;C:\Users\shahe\.gradle\caches\9.5.0\transforms\13ea6cf71d4d5b89289b0bcf333f5ca7\transformed\hilt-lifecycle-viewmodel-compose-1.4.0-runtime.jar;C:\Users\shahe\.gradle\caches\9.5.0\transforms\c7ea627705d082edae4146903b2a05e3\transformed\hilt-lifecycle-viewmodel-1.4.0-runtime.jar;C:\Users\shahe\.gradle\caches\9.5.0\transforms\32543fa07ee4f8df5ca116ea06d87dba\transformed\hilt-android-2.60.1-runtime.jar;C:\Users\shahe\.gradle\caches\9.5.0\transforms\605597528ec50849ecfd35b7add8a9a4\transformed\roborazzi-compose-1.74.0-runtime.jar;C:\Users\shahe\.gradle\caches\9.5.0\transforms\2df7648863ec129dc45b733ac6fc7e3e\transformed\roborazzi-1.74.0-runtime.jar;C:\Users\shahe\.gradle\caches\modules-2\files-2.1\io.github.takahirom.roborazzi\roborazzi-painter-jvm\1.74.0\53c35f0af8fed32a71a9042f1d5010533302acd\roborazzi-painter-jvm.jar;C:\Users\shahe\.gradle\caches\9.5.0\transforms\6af4a5333e10cbafab9dc8cbbe3135b5\transformed\roborazzi-core-runtime.jar;C:\Users\shahe\.gradle\caches\9.5.0\transforms\2b5c81ab4029a9aac89e8d1cde5551d3\transformed\material-ripple-runtime.jar;C:\Users\shahe\.gradle\caches\9.5.0\transforms\8270c78b680e267a42b99230cebf0c07\transformed\foundation-runtime.jar;C:\Users\shahe\.gradle\caches\9.5.0\transforms\96a145be14b56bda10f821dbc53a79c4\transformed\foundation-layout-runtime.jar;C:\Users\shahe\.gradle\caches\9.5.0\transforms\6adbdc7de6c0482c5582cd5f7eed6297\transformed\animation-core-runtime.jar;C:\Users\shahe\.gradle\caches\9.5.0\transforms\ff14b4712a4689fa24020288f0f4467f\transformed\animation-runtime.jar;C:\Users\shahe\.gradle\caches\9.5.0\transforms\df8565052dc3e8b87454fddeadcf68d1\transformed\ui-tooling-data-runtime.jar;C:\Users\shahe\.gradle\caches\9.5.0\transforms\deb4445ea2902d4a22e4324ac374f6d3\transformed\ui-tooling-preview-runtime.jar;C:\Users\shahe\.gradle\caches\9.5.0\transforms\b522bba7f0fa08a8de9ec9b455eafcbf\transformed\ui-unit-runtime.jar;C:\Users\shahe\.gradle\caches\9.5.0\transforms\ed31c5bd44501cce68d3dfb4ccc687ec\transformed\ui-text-runtime.jar;C:\Users\shahe\.gradle\caches\9.5.0\transforms\25b85dfbd703815aa340f87166ce37e9\transformed\ui-graphics-runtime.jar;C:\Users\shahe\.gradle\caches\9.5.0\transforms\a78a4156ad5fb3a178f8857abc821ab7\transformed\ui-geometry-runtime.jar;C:\Users\shahe\.gradle\caches\9.5.0\transforms\241978024db4ac0f2a9adfdcddcd6e6f\transformed\ui-test-manifest-1.11.2-runtime.jar;C:\Users\shahe\.gradle\caches\9.5.0\transforms\563243d40317e75d4196c9fed7377a77\transformed\ui-tooling-runtime.jar;C:\Users\shahe\.gradle\caches\9.5.0\transforms\755469871f35951bcee154787ffe07c6\transformed\material3-runtime.jar;C:\Users\shahe\.gradle\caches\9.5.0\transforms\9a7014e484ea1d8580c93a5874cad8be\transformed\ui-util-runtime.jar;C:\Users\shahe\.gradle\caches\9.5.0\transforms\a78464003b1b381e6b0f2ebd9ade01de\transformed\ui-test-runtime.jar;C:\Users\shahe\.gradle\caches\9.5.0\transforms\6cb332347c809200ac210d6851175c33\transformed\espresso-core-3.5.1-runtime.jar;C:\Users\shahe\.gradle\caches\9.5.0\transforms\9b405fd93a02134a7a18ee13c060f8dd\transformed\core-1.7.0-runtime.jar;C:\Users\shahe\.gradle\caches\9.5.0\transforms\7cdbbc6a256d8ba2f00034c1b9cfab66\transformed\firebase-perf-22.0.6-runtime.jar;C:\Users\shahe\.gradle\caches\9.5.0\transforms\ce0c814376f419bcc414433d2036f53b\transformed\appcompat-resources-1.7.1-runtime.jar;C:\Users\shahe\.gradle\caches\9.5.0\transforms\345833ee66735aa06fd6d489ad29ad01\transformed\appcompat-1.7.1-runtime.jar;C:\Users\shahe\.gradle\caches\9.5.0\transforms\a9495efb1b098a3c57fb2b460dcededb\transformed\activity-ktx-1.13.0-runtime.jar;C:\Users\shahe\.gradle\caches\9.5.0\transforms\7c17415202d71d4e6e52ce7e8b5b9672\transformed\firebase-auth-24.2.0-runtime.jar;C:\Users\shahe\.gradle\caches\9.5.0\transforms\42ae838cf7b5eba3a1f8b1bf8aa2aa1c\transformed\firebase-appcheck-debug-19.4.1-runtime.jar;C:\Users\shahe\.gradle\caches\9.5.0\transforms\45b28027d7bfdc414da2b93ac8ba7438\transformed\firebase-appcheck-playintegrity-19.4.1-runtime.jar;C:\Users\shahe\.gradle\caches\9.5.0\transforms\dcc59395e068dd122328f9b66458a64d\transformed\firebase-firestore-26.6.0-runtime.jar;C:\Users\shahe\.gradle\caches\9.5.0\transforms\9e0c21e09038e68ce6c3dcfef7adaa2f\transformed\firebase-functions-22.1.1-runtime.jar;C:\Users\shahe\.gradle\caches\9.5.0\transforms\fd775c90dfbdbb66d6faa5b6485a097c\transformed\firebase-messaging-25.1.3-runtime.jar;C:\Users\shahe\.gradle\caches\9.5.0\transforms\822426898ff4fc91d95d935b860d69ef\transformed\firebase-storage-22.0.2-runtime.jar;C:\Users\shahe\.gradle\caches\9.5.0\transforms\290083aab03a02c16bb9e3f2fd4c521a\transformed\firebase-appcheck-19.4.1-runtime.jar;C:\Users\shahe\.gradle\caches\9.5.0\transforms\5f0a099f2cd2cf4bd11642f0cf892132\transformed\credentials-1.2.0-rc01-runtime.jar;C:\Users\shahe\.gradle\caches\9.5.0\transforms\07bfa61753f0423a58bd5a9b17b9cc29\transformed\credentials-play-services-auth-1.2.0-rc01-runtime.jar;C:\Users\shahe\.gradle\caches\9.5.0\transforms\a8e9318e3f24449ff7816e64648ddb23\transformed\play-services-auth-20.7.0-runtime.jar;C:\Users\shahe\.gradle\caches\9.5.0\transforms\85bc94894b6356efe07ffa639faa7c5d\transformed\play-services-auth-api-phone-18.0.2-runtime.jar;C:\Users\shahe\.gradle\caches\9.5.0\transforms\782ba82c4490ca2aa126091c4a0abf9b\transformed\firebase-database-collection-18.0.1-runtime.jar;C:\Users\shahe\.gradle\caches\9.5.0\transforms\82f0062341c6a6a9eb7657cfbf5abafe\transformed\firebase-appcheck-interop-17.1.0-runtime.jar;C:\Users\shahe\.gradle\caches\9.5.0\transforms\f6842cf76d76512d46798cbb0aae31a2\transformed\firebase-iid-21.1.0-runtime.jar;C:\Users\shahe\.gradle\caches\9.5.0\transforms\6332bbfdff294ef5a7e68c4279ab574b\transformed\play-services-cloud-messaging-17.4.0-runtime.jar;C:\Users\shahe\.gradle\caches\9.5.0\transforms\df640e671f2917be402449f367b6a454\transformed\firebase-analytics-23.2.0-runtime.jar;C:\Users\shahe\.gradle\caches\9.5.0\transforms\644849e6181ed4217ce9ad48ecdb7628\transformed\play-services-measurement-23.2.0-runtime.jar;C:\Users\shahe\.gradle\caches\9.5.0\transforms\a13ccc76fdfe89c1defe97020992564e\transformed\play-services-measurement-sdk-23.2.0-runtime.jar;C:\Users\shahe\.gradle\caches\9.5.0\transforms\516fa2108a38b8af260c1ab24f07a364\transformed\play-services-measurement-impl-23.2.0-runtime.jar;C:\Users\shahe\.gradle\caches\9.5.0\transforms\dc1d20f0f36e068a08fa8a03896ea42c\transformed\play-services-fido-20.1.0-runtime.jar;C:\Users\shahe\.gradle\caches\9.5.0\transforms\4dfe5ed17bd4d17879dd6ebfa8a3ece2\transformed\play-services-auth-base-18.0.4-runtime.jar;C:\Users\shahe\.gradle\caches\9.5.0\transforms\8e3c4f13f924a00a2d8d66b1f27571ea\transformed\play-services-base-18.9.0-runtime.jar;C:\Users\shahe\.gradle\caches\9.5.0\transforms\f6ff374a69dbbb1c8410fa448db2d3c2\transformed\play-services-measurement-api-23.2.0-runtime.jar;D:\Android Projects\cpl\core\analytics\build\intermediates\runtime_library_classes_jar\debug\bundleLibRuntimeToJarDebug\classes.jar;C:\Users\shahe\.gradle\caches\9.5.0\transforms\f013007477659b1fea5f525bc6609ff0\transformed\play-services-stats-17.0.2-runtime.jar;C:\Users\shahe\.gradle\caches\9.5.0\transforms\53ba28c3ca1fb415ba50616a2a41426f\transformed\transition-1.6.0-runtime.jar;C:\Users\shahe\.gradle\caches\9.5.0\transforms\04c849d86409a148c1b9f530663c4016\transformed\dynamicanimation-1.0.0-runtime.jar;C:\Users\shahe\.gradle\caches\9.5.0\transforms\6e47bb9d1b62d4f1e1b8dfafae07b21f\transformed\legacy-support-core-utils-1.0.0-runtime.jar;C:\Users\shahe\.gradle\caches\9.5.0\transforms\c20f596f9002ca2fff5dc13b852891cc\transformed\loader-1.0.0-runtime.jar;C:\Users\shahe\.gradle\caches\9.5.0\transforms\38b85ff7cb8dcaa60b0208ca302ba8b1\transformed\lifecycle-viewmodel-ktx-2.11.0-runtime.jar;C:\Users\shahe\.gradle\caches\9.5.0\transforms\cbdb7cc556c848514ce093d47755d599\transformed\emoji2-views-helper-1.4.0-runtime.jar;C:\Users\shahe\.gradle\caches\9.5.0\transforms\21175550d971efa0d2e880462807f4c1\transformed\emoji2-1.4.0-runtime.jar;C:\Users\shahe\.gradle\caches\9.5.0\transforms\2f7c864d620867253588ef3bb649e245\transformed\lifecycle-process-2.11.0-runtime.jar;C:\Users\shahe\.gradle\caches\9.5.0\transforms\3f535ecedee92dca404c1f738d829c85\transformed\lifecycle-livedata-core-ktx-2.11.0-runtime.jar;C:\Users\shahe\.gradle\caches\modules-2\files-2.1\androidx.lifecycle\lifecycle-common-java8\2.11.0\9d9c098b5dc3bbcdce8ec4495991b9b0ee25606e\lifecycle-common-java8-2.11.0.jar;C:\Users\shahe\.gradle\caches\9.5.0\transforms\d2d6b7bb1f083a064470b5a91c2ffe99\transformed\lifecycle-livedata-2.11.0-runtime.jar;C:\Users\shahe\.gradle\caches\9.5.0\transforms\64af4c7d4fa83ff43e662e079d4f05af\transformed\lifecycle-runtime-ktx-runtime.jar;C:\Users\shahe\.gradle\caches\9.5.0\transforms\46ae2a0a70b51d47c05f412206d45a77\transformed\navigationevent-runtime.jar;C:\Users\shahe\.gradle\caches\9.5.0\transforms\236a38453201bd672377f9c521799dec\transformed\navigationevent-compose-runtime.jar;C:\Users\shahe\.gradle\caches\9.5.0\transforms\7e5168c7dd43729c2a5c33829bc193d5\transformed\runtime-retain-runtime.jar;C:\Users\shahe\.gradle\caches\9.5.0\transforms\d84dd035847dd301db94c13b76ab7856\transformed\runtime-annotation-runtime.jar;C:\Users\shahe\.gradle\caches\9.5.0\transforms\e79957077f149c906d59e28339709980\transformed\runtime-runtime.jar;C:\Users\shahe\.gradle\caches\9.5.0\transforms\636d1da5457ffea95fa3f12c65d78f1c\transformed\runtime-saveable-runtime.jar;C:\Users\shahe\.gradle\caches\9.5.0\transforms\c7f2cc1c751e1c61107c9b3ff623fb57\transformed\savedstate-compose-runtime.jar;C:\Users\shahe\.gradle\caches\9.5.0\transforms\d2fece236005c4f9bc6febafa0680f5e\transformed\savedstate-ktx-1.5.0-runtime.jar;C:\Users\shahe\.gradle\caches\9.5.0\transforms\0a431c4deb0af33a038f1b4820d0284f\transformed\savedstate-runtime.jar;C:\Users\shahe\.gradle\caches\9.5.0\transforms\02adb78c50ccd90f9f0561ea4b85459d\transformed\ads-adservices-java-1.1.0-beta11-runtime.jar;C:\Users\shahe\.gradle\caches\9.5.0\transforms\947ac5791fe4cbb9073de7c30c74e543\transformed\ads-adservices-1.1.0-beta11-runtime.jar;C:\Users\shahe\.gradle\caches\9.5.0\transforms\b909b3d40647aa71f038184403a58203\transformed\customview-poolingcontainer-1.0.0-runtime.jar;C:\Users\shahe\.gradle\caches\9.5.0\transforms\9ce7a61c2ab192f6c1001c8ba04f3266\transformed\core-ktx-1.18.0-runtime.jar;C:\Users\shahe\.gradle\caches\9.5.0\transforms\e4d9efd5b0dad4bfd4b71cb872bf3ea3\transformed\browser-1.4.0-runtime.jar;C:\Users\shahe\.gradle\caches\9.5.0\transforms\77afac0ddfe0c9dd19a2d36b93583a60\transformed\drawerlayout-1.0.0-runtime.jar;C:\Users\shahe\.gradle\caches\9.5.0\transforms\7852be240db331666a91977632484a35\transformed\viewpager-1.0.0-runtime.jar;C:\Users\shahe\.gradle\caches\9.5.0\transforms\4e995b8ab1be63588538d04e7e20a467\transformed\vectordrawable-animated-1.1.0-runtime.jar;C:\Users\shahe\.gradle\caches\9.5.0\transforms\c1081a474eea424c326346dafbcb125e\transformed\vectordrawable-1.1.0-runtime.jar;C:\Users\shahe\.gradle\caches\9.5.0\transforms\3e25aae734482e676f53a9267bdfd8d2\transformed\customview-1.0.0-runtime.jar;C:\Users\shahe\.gradle\caches\9.5.0\transforms\439218dc7c15c56e0b3da81c17e96b3e\transformed\autofill-1.0.0-runtime.jar;C:\Users\shahe\.gradle\caches\9.5.0\transforms\bc7c9f80bb5c3e36a7341117849e98e2\transformed\window-core-runtime.jar;C:\Users\shahe\.gradle\caches\9.5.0\transforms\7a6b18032cb834c82bf608db95c60043\transformed\window-1.5.0-runtime.jar;C:\Users\shahe\.gradle\caches\9.5.0\transforms\02718459b692eb27e620149eb5140993\transformed\graphics-path-1.0.1-runtime.jar;C:\Users\shahe\.gradle\caches\9.5.0\transforms\2929e07e6867c7289f0130043b044813\transformed\core-1.18.0-runtime.jar;C:\Users\shahe\.gradle\caches\9.5.0\transforms\6218bd9992a3ecb703e57d20aab5a806\transformed\lifecycle-runtime-runtime.jar;C:\Users\shahe\.gradle\caches\9.5.0\transforms\ad9b65dfd2865bf909d72c1335106fd5\transformed\lifecycle-viewmodel-savedstate-runtime.jar;C:\Users\shahe\.gradle\caches\9.5.0\transforms\12ed5d91df4d40c603a0add505f511bd\transformed\lifecycle-viewmodel-2.11.0-runtime.jar;C:\Users\shahe\.gradle\caches\9.5.0\transforms\9e12efdf240c81cad6f7115078be227f\transformed\lifecycle-viewmodel-runtime.jar;C:\Users\shahe\.gradle\caches\9.5.0\transforms\ce773f4f8a1487985b9f6b8b8cb39cd0\transformed\recaptcha-18.6.1-runtime.jar;C:\Users\shahe\.gradle\caches\modules-2\files-2.1\org.jetbrains.kotlinx\kotlinx-coroutines-android\1.11.0\51ffb50a6478872fbbac6cbd48f09553bf4e9e7d\kotlinx-coroutines-android-1.11.0.jar;C:\Users\shahe\.gradle\caches\modules-2\files-2.1\app.cash.turbine\turbine-jvm\1.2.1\80767e0dc7df24e2ef980ae47a565d7726290fa3\Turbine-jvm.jar;C:\Users\shahe\.gradle\caches\modules-2\files-2.1\org.jetbrains.kotlinx\kotlinx-coroutines-test-jvm\1.11.0\1dfe8ce2b805d913922f283b386895bd0979dfcb\kotlinx-coroutines-test-jvm-1.11.0.jar;C:\Users\shahe\.gradle\caches\modules-2\files-2.1\io.mockk\mockk-jvm\1.14.11\fbe5737bad60ed64774cb6865ce3aaae923d7588\mockk-jvm-1.14.11.jar;D:\Android Projects\cpl\core\model\build\libs\model.jar;D:\Android Projects\cpl\core\common\build\libs\common.jar;C:\Users\shahe\.gradle\caches\9.5.0\transforms\3582a148e861aca237d4c7117541970f\transformed\profileinstaller-1.4.0-runtime.jar;C:\Users\shahe\.gradle\caches\9.5.0\transforms\2accfac889f03a7ef6f8221d3790e6c5\transformed\firebase-config-23.1.0-runtime.jar;C:\Users\shahe\.gradle\caches\9.5.0\transforms\4dd739b69d347cc4d1385b7b77393447\transformed\firebase-crashlytics-20.1.1-runtime.jar;C:\Users\shahe\.gradle\caches\9.5.0\transforms\f2e57548aef10c2558e5553956fc0a41\transformed\firebase-auth-interop-20.0.0-runtime.jar;C:\Users\shahe\.gradle\caches\9.5.0\transforms\97670f0a3efb817f729c0876738f4c62\transformed\firebase-sessions-3.0.8-runtime.jar;C:\Users\shahe\.gradle\caches\9.5.0\transforms\69acbb958684e576453902f874009894\transformed\firebase-installations-19.1.2-runtime.jar;C:\Users\shahe\.gradle\caches\9.5.0\transforms\25329d5ff4ff36decddb682c064dc85e\transformed\firebase-common-22.2.1-runtime.jar;C:\Users\shahe\.gradle\caches\modules-2\files-2.1\androidx.concurrent\concurrent-futures\1.2.0\6a1dfd69226e148898410721f4b14315343d1429\concurrent-futures-1.2.0.jar;C:\Users\shahe\.gradle\caches\modules-2\files-2.1\androidx.concurrent\concurrent-futures-ktx\1.2.0\13b49fdb58c74bdfb12eb131b5e22d6d09683e30\concurrent-futures-ktx-1.2.0.jar;C:\Users\shahe\.gradle\caches\modules-2\files-2.1\io.mockk\mockk-dsl-jvm\1.14.11\c8ce749d4a56913062655bb9058adb8d1f772068\mockk-dsl-jvm-1.14.11.jar;C:\Users\shahe\.gradle\caches\modules-2\files-2.1\androidx.datastore\datastore-preferences-external-protobuf\1.2.1\200a891fd29602b4bcff8e197d243a372fb026d5\datastore-preferences-external-protobuf-1.2.1.jar;C:\Users\shahe\.gradle\caches\modules-2\files-2.1\androidx.datastore\datastore-core-okio-jvm\1.2.1\16e01a0603ce8cf206b21a304ff1ded7a9bff1da\datastore-core-okio-jvm-1.2.1.jar;C:\Users\shahe\.gradle\caches\9.5.0\transforms\d3d671d35a42f813fdedf75730923b5c\transformed\datastore-core-runtime.jar;C:\Users\shahe\.gradle\caches\modules-2\files-2.1\androidx.datastore\datastore-preferences-proto\1.2.1\5d062b556fb45141138c3d86284bbdcbe07cc770\datastore-preferences-proto-1.2.1.jar;C:\Users\shahe\.gradle\caches\9.5.0\transforms\b93427b7a882ebfcbcd56cc3d679343b\transformed\datastore-preferences-core-runtime.jar;C:\Users\shahe\.gradle\caches\9.5.0\transforms\c283777fc295bee039d7d6a3d636c960\transformed\datastore-runtime.jar;C:\Users\shahe\.gradle\caches\9.5.0\transforms\a9acfc5e0dbe5cd24075c66215b61703\transformed\datastore-preferences-runtime.jar;C:\Users\shahe\.gradle\caches\modules-2\files-2.1\org.jetbrains.kotlinx\kotlinx-coroutines-core-jvm\1.11.0\3d57dc678bd8d72a60e7adf0eca5c54e3f4f4b79\kotlinx-coroutines-core-jvm-1.11.0.jar;C:\Users\shahe\.gradle\caches\modules-2\files-2.1\org.jetbrains.kotlinx\kotlinx-coroutines-play-services\1.11.0\1669ebaddbc4df1c7cfff7ae983cd14d73579c11\kotlinx-coroutines-play-services-1.11.0.jar;C:\Users\shahe\.gradle\caches\9.5.0\transforms\e697c63d188eb74310fabcbd678b8ccc\transformed\integrity-1.4.0-runtime.jar;C:\Users\shahe\.gradle\caches\9.5.0\transforms\49640df8c4bcfbd3a42a2b7dcd297885\transformed\firebase-iid-interop-17.1.0-runtime.jar;C:\Users\shahe\.gradle\caches\9.5.0\transforms\b7b47ed7368fa51c0b16e7c06fcc0896\transformed\firebase-installations-interop-17.3.0-runtime.jar;C:\Users\shahe\.gradle\caches\9.5.0\transforms\024ac56e3656edd17cf12af990e9daa5\transformed\play-services-tasks-18.4.0-runtime.jar;C:\Users\shahe\.gradle\caches\9.5.0\transforms\d2540e41bb8d76671fa38ec8c058ea0c\transformed\firebase-abt-21.1.1-runtime.jar;C:\Users\shahe\.gradle\caches\9.5.0\transforms\b14bbf75ea4992a1025da0689210e346\transformed\firebase-measurement-connector-20.0.1-runtime.jar;C:\Users\shahe\.gradle\caches\9.5.0\transforms\ec78331b08e857d623537f22129b91d1\transformed\play-services-ads-identifier-18.0.0-runtime.jar;C:\Users\shahe\.gradle\caches\9.5.0\transforms\ddb789a8eaa589c2e8f325e54c58d839\transformed\play-services-measurement-sdk-api-23.2.0-runtime.jar;C:\Users\shahe\.gradle\caches\9.5.0\transforms\97c0f1945cb65d80f8001af6c4d107ef\transformed\play-services-measurement-base-23.2.0-runtime.jar;C:\Users\shahe\.gradle\caches\9.5.0\transforms\3848656726ad084eff5b7be9408804b3\transformed\play-services-basement-18.9.0-runtime.jar;C:\Users\shahe\.gradle\caches\9.5.0\transforms\c4d87d1167b8d866753e3dbab17b77f2\transformed\fragment-1.5.4-runtime.jar;C:\Users\shahe\.gradle\caches\9.5.0\transforms\1eeeac4440dbfd2e4157edc0b9537410\transformed\activity-1.13.0-runtime.jar;C:\Users\shahe\.gradle\caches\9.5.0\transforms\3f3a292c4f81f9643c0cf33755c759a6\transformed\activity-compose-1.13.0-runtime.jar;C:\Users\shahe\.gradle\caches\modules-2\files-2.1\androidx.lifecycle\lifecycle-common-jvm\2.11.0\2c4f7d92f1fd723121d394c93455f50158403ad9\lifecycle-common-jvm-2.11.0.jar;C:\Users\shahe\.gradle\caches\9.5.0\transforms\262a21e8c4f65478dffe1170c8b2bdcf\transformed\lifecycle-livedata-core-2.11.0-runtime.jar;C:\Users\shahe\.gradle\caches\9.5.0\transforms\e505ad8c7d6ade4320da92feec8bdd80\transformed\lifecycle-runtime-compose-runtime.jar;C:\Users\shahe\.gradle\caches\9.5.0\transforms\b077c46798c0a4bea713df64c78148bf\transformed\lifecycle-viewmodel-compose-runtime.jar;C:\Users\shahe\.gradle\caches\9.5.0\transforms\9e38eeb44b1e51448446b378be0871ab\transformed\material-icons-extended-release-runtime.jar;C:\Users\shahe\.gradle\caches\9.5.0\transforms\ef43e81e4c7ac951ffa1c2c449d5204e\transformed\material-icons-core-release-runtime.jar;C:\Users\shahe\.gradle\caches\9.5.0\transforms\7eec86a5085b884b44e6387300a7a74c\transformed\ui-runtime.jar;C:\Users\shahe\.gradle\caches\9.5.0\transforms\91ecc031e0aec3347c60c1d85e8fcf01\transformed\ui-test-junit4-runtime.jar;C:\Users\shahe\.gradle\caches\9.5.0\transforms\ba8bf7609d81fce2370da014362a672b\transformed\junit-1.3.0-runtime.jar;C:\Users\shahe\.gradle\caches\9.5.0\transforms\dcf430917ec62dfffd19ca533eb558b8\transformed\runner-1.5.2-runtime.jar;C:\Users\shahe\.gradle\caches\modules-2\files-2.1\junit\junit\4.13.2\8ac9e16d933b6fb43bc7f576336b8f4d7eb5ba12\junit-4.13.2.jar;C:\Users\shahe\.gradle\caches\modules-2\files-2.1\org.robolectric\robolectric\4.17\31a19773cc1daf1be0f77769497371ddf18a518f\robolectric-4.17.jar;C:\Users\shahe\.gradle\caches\modules-2\files-2.1\org.robolectric\shadows-framework\4.17\689988e7f55462d21c6e0a863604563eae2630c6\shadows-framework-4.17.jar;C:\Users\shahe\.gradle\caches\9.5.0\transforms\3c608b9816f08882c392406ec5cba795\transformed\storage-1.6.0-runtime.jar;C:\Users\shahe\.gradle\caches\9.5.0\transforms\df1a6a42e1fc5d255a9158319377b87c\transformed\monitor-1.8.0-runtime.jar;C:\Users\shahe\.gradle\caches\modules-2\files-2.1\org.jetbrains.kotlin\kotlin-test\2.2.10\d7893b3da61722e2ac78b9a5939a0a55bc413d95\kotlin-test-2.2.10.jar;C:\Users\shahe\.gradle\caches\modules-2\files-2.1\io.mockk\mockk-agent-jvm\1.14.11\e1e1acc201dc6ec3bfb9d2d8f10e5960eda3c9f0\mockk-agent-jvm-1.14.11.jar;C:\Users\shahe\.gradle\caches\modules-2\files-2.1\io.mockk\mockk-core-jvm\1.14.11\79bd4a6018f7cf10b6b5cc539048804f1225cc21\mockk-core-jvm-1.14.11.jar;C:\Users\shahe\.gradle\caches\modules-2\files-2.1\org.jetbrains.kotlin\kotlin-reflect\2.2.21\17bc47f5dfe27c2351538e711f0afe377b0de6b2\kotlin-reflect-2.2.21.jar;C:\Users\shahe\.gradle\caches\modules-2\files-2.1\com.dropbox.differ\differ-jvm\0.3.0\1fc0656a44bf48b466414a6167c675a1e84e4703\differ-jvm-0.3.0.jar;C:\Users\shahe\.gradle\caches\modules-2\files-2.1\org.jetbrains.kotlinx\kotlinx-serialization-core-jvm\1.11.0\c1905c9bf7452b045d5af9248835abe64ddad6bf\kotlinx-serialization-core-jvm-1.11.0.jar;C:\Users\shahe\.gradle\caches\modules-2\files-2.1\org.jetbrains.kotlinx\kotlinx-serialization-json-jvm\1.11.0\e7e045e99e56f07599bb9ccb708c2190e2af0606\kotlinx-serialization-json-jvm-1.11.0.jar;C:\Users\shahe\.gradle\caches\modules-2\files-2.1\io.mockk\mockk-agent-api-jvm\1.14.11\a823c7aebc0396b4201c0d397ac352fad30c76d8\mockk-agent-api-jvm-1.14.11.jar;C:\Users\shahe\.gradle\caches\9.5.0\transforms\0a92fa549bf65886d55833a823778ce8\transformed\annotation-1.0.1-runtime.jar;C:\Users\shahe\.gradle\caches\9.5.0\transforms\074bc1e02246fc4ed702c8aab3a17d21\transformed\core-runtime-2.2.0-runtime.jar;C:\Users\shahe\.gradle\caches\modules-2\files-2.1\androidx.arch.core\core-common\2.2.0\5e1b8b81dfd5f52c56a8d53b18ca759c19a301f3\core-common-2.2.0.jar;C:\Users\shahe\.gradle\caches\9.5.0\transforms\97f3ac4e9717821b5f9070c25ae63620\transformed\firebase-components-19.0.0-runtime.jar;C:\Users\shahe\.gradle\caches\9.5.0\transforms\f85c7202a4c0596313845112a7e0c1ca\transformed\localbroadcastmanager-1.0.0-runtime.jar;C:\Users\shahe\.gradle\caches\9.5.0\transforms\78747e3a2d9698fd47df8328b3171c61\transformed\firebase-config-interop-16.0.1-runtime.jar;C:\Users\shahe\.gradle\caches\9.5.0\transforms\edd73ce0709d18142ff914da8b986fb6\transformed\firebase-datatransport-19.0.0-runtime.jar;C:\Users\shahe\.gradle\caches\9.5.0\transforms\eb9d1e621b15ce7ae4a516dbe98f36f4\transformed\transport-backend-cct-3.3.0-runtime.jar;C:\Users\shahe\.gradle\caches\9.5.0\transforms\ee11fc74d941bd4361825fb889d65558\transformed\firebase-encoders-json-18.0.1-runtime.jar;C:\Users\shahe\.gradle\caches\9.5.0\transforms\17d4de04d76bc7907375ec1128749705\transformed\transport-runtime-3.3.0-runtime.jar;C:\Users\shahe\.gradle\caches\9.5.0\transforms\407015186d835f64c3f4278b64c8f5cd\transformed\transport-api-3.2.0-runtime.jar;C:\Users\shahe\.gradle\caches\modules-2\files-2.1\com.google.firebase\firebase-encoders-proto\16.0.0\a42d5fd83b96ae7b73a8617d29c94703e18c9992\firebase-encoders-proto-16.0.0.jar;C:\Users\shahe\.gradle\caches\modules-2\files-2.1\com.google.firebase\firebase-encoders\17.0.0\26f52dc549c42575b155f8c720e84059ee600a85\firebase-encoders-17.0.0.jar;C:\Users\shahe\.gradle\caches\9.5.0\transforms\a3aef326f64d577310192ae859a1e6a3\transformed\versionedparcelable-1.1.1-runtime.jar;C:\Users\shahe\.gradle\caches\modules-2\files-2.1\androidx.collection\collection-ktx\1.5.0\27c78a926a16a1bf792b2285cf2834e8caae4a07\collection-ktx-1.5.0.jar;C:\Users\shahe\.gradle\caches\modules-2\files-2.1\androidx.collection\collection-jvm\1.5.0\7ba2c69414d46ebc2dd76598bdd0a75c54281a57\collection-jvm-1.5.0.jar;C:\Users\shahe\.gradle\caches\9.5.0\transforms\67b228d784c0574db2cc9de9dacd8898\transformed\startup-runtime-1.1.1-runtime.jar;C:\Users\shahe\.gradle\caches\9.5.0\transforms\a6731d4825578c085e0fdaab09b9a5a9\transformed\interpolator-1.0.0-runtime.jar;C:\Users\shahe\.gradle\caches\9.5.0\transforms\9c709f122e91d15b546f54186274364d\transformed\cursoradapter-1.0.0-runtime.jar;C:\Users\shahe\.gradle\caches\modules-2\files-2.1\androidx.resourceinspection\resourceinspection-annotation\1.0.1\8c21f8ff5d96d5d52c948707f7e4d6ca6773feef\resourceinspection-annotation-1.0.1.jar;C:\Users\shahe\.gradle\caches\9.5.0\transforms\caf11758497c75bfa767692c59cdc0f0\transformed\tracing-1.2.0-runtime.jar;C:\Users\shahe\.gradle\caches\9.5.0\transforms\c4833bb35c8b55d09fd9bf3d796f1bde\transformed\documentfile-1.0.0-runtime.jar;C:\Users\shahe\.gradle\caches\9.5.0\transforms\60fc916c27ac19e3ec30366451b4192d\transformed\print-1.0.0-runtime.jar;C:\Users\shahe\.gradle\caches\modules-2\files-2.1\androidx.annotation\annotation-jvm\1.9.1\b17951747e38bf3986a24431b9ba0d039958aa5f\annotation-jvm-1.9.1.jar;C:\Users\shahe\.gradle\caches\9.5.0\transforms\1137e8a10b92448aa808e0f55aadd0fb\transformed\annotation-experimental-1.4.1-runtime.jar;C:\Users\shahe\.gradle\caches\modules-2\files-2.1\org.jetbrains.kotlinx\kotlinx-io-core-jvm\0.3.3\66d09333cd60ba1c48c9b906b3a888112653d252\kotlinx-io-core-jvm-0.3.3.jar;C:\Users\shahe\.gradle\caches\9.5.0\transforms\8796b8e7530e32879b35830e143fd3a9\transformed\core-viewtree-1.0.0-runtime.jar;C:\Users\shahe\.gradle\caches\9.5.0\transforms\3c0cbca75111770761b6984b7a82d8b1\transformed\googleid-1.1.0-runtime.jar;C:\Users\shahe\.gradle\caches\modules-2\files-2.1\org.jetbrains.kotlinx\kotlinx-io-bytestring-jvm\0.3.3\aaa11306c241f7ab75346f03c3849cf5f5c308f5\kotlinx-io-bytestring-jvm-0.3.3.jar;C:\Users\shahe\.gradle\caches\modules-2\files-2.1\com.squareup.okhttp3\okhttp\4.12.0\2f4525d4a200e97e1b87449c2cd9bd2e25b7e8cd\okhttp-4.12.0.jar;C:\Users\shahe\.gradle\caches\modules-2\files-2.1\org.jetbrains.kotlin\kotlin-stdlib-jdk8\1.8.22\b25c86d47d6b962b9cf0f8c3f320c8a10eea3dd1\kotlin-stdlib-jdk8-1.8.22.jar;C:\Users\shahe\.gradle\caches\modules-2\files-2.1\io.grpc\grpc-okhttp\1.62.2\2d8b802e7fe17c1577527195fd53a2e7355b3541\grpc-okhttp-1.62.2.jar;C:\Users\shahe\.gradle\caches\modules-2\files-2.1\com.squareup.okio\okio-jvm\3.9.1\79696e3f4ff05d41ba2b3dc68adb5808a2e5dc53\okio-jvm-3.9.1.jar;C:\Users\shahe\.gradle\caches\modules-2\files-2.1\org.jetbrains.kotlin\kotlin-stdlib-jdk7\1.8.22\4dabb8248310d833bb6a8b516024a91fd3d275c\kotlin-stdlib-jdk7-1.8.22.jar;C:\Users\shahe\.gradle\caches\modules-2\files-2.1\org.jetbrains.kotlin\kotlin-stdlib\2.3.21\a2ee2c4e220fee522f0451b723bab2a43f3481a7\kotlin-stdlib-2.3.21.jar;C:\Users\shahe\.gradle\caches\modules-2\files-2.1\org.hamcrest\hamcrest-integration\1.3\5de0c73fef18917cd85d0ab70bb23818685e4dfd\hamcrest-integration-1.3.jar;C:\Users\shahe\.gradle\caches\modules-2\files-2.1\org.hamcrest\hamcrest-library\1.3\4785a3c21320980282f9f33d0d1264a69040538f\hamcrest-library-1.3.jar;C:\Users\shahe\.gradle\caches\modules-2\files-2.1\org.hamcrest\hamcrest-core\1.3\42a25dc3219429f0e5d060061f71acb49bf010a0\hamcrest-core-1.3.jar;C:\Users\shahe\.gradle\caches\modules-2\files-2.1\org.robolectric\junit\4.17\8f22554166230ec5d98562308ce7728888fd57c\junit-4.17.jar;C:\Users\shahe\.gradle\caches\modules-2\files-2.1\org.robolectric\resources\4.17\f0cac0ac2bf1484e7ce7877f8fdd110d77500ac0\resources-4.17.jar;C:\Users\shahe\.gradle\caches\modules-2\files-2.1\org.robolectric\sandbox\4.17\b8ff57adf93a294b82ca7bac6b99eb5320cadcb7\sandbox-4.17.jar;C:\Users\shahe\.gradle\caches\modules-2\files-2.1\org.robolectric\utils-reflector\4.17\f91dc2674aad0847e655e4d4856f7f5e1960fa6e\utils-reflector-4.17.jar;C:\Users\shahe\.gradle\caches\modules-2\files-2.1\org.robolectric\plugins-maven-dependency-resolver\4.17\bf7b223b462453b7d6a66b96a848ecff323053d0\plugins-maven-dependency-resolver-4.17.jar;C:\Users\shahe\.gradle\caches\modules-2\files-2.1\org.robolectric\nativeruntime\4.17\52d38706eddfe5babb92d1665276ad6076f6efe0\nativeruntime-4.17.jar;C:\Users\shahe\.gradle\caches\modules-2\files-2.1\org.robolectric\shadowapi\4.17\dd829fc12fcf9e471aa31364aafa4181726df42a\shadowapi-4.17.jar;C:\Users\shahe\.gradle\caches\modules-2\files-2.1\org.robolectric\utils\4.17\7ed6eb8c6464ebddc15427eb7b2f3bb3883840aa\utils-4.17.jar;C:\Users\shahe\.gradle\caches\modules-2\files-2.1\org.robolectric\pluginapi\4.17\5e58d90330f4d18f8c4c534541470d63b176f33a\pluginapi-4.17.jar;C:\Users\shahe\.gradle\caches\9.5.0\transforms\206cde78a646ec54bce37932fef5a452\transformed\grpc-android-1.62.2-runtime.jar;C:\Users\shahe\.gradle\caches\modules-2\files-2.1\io.grpc\grpc-protobuf-lite\1.62.2\9d807d2a0e34bd7284a5336186f57cf241090920\grpc-protobuf-lite-1.62.2.jar;C:\Users\shahe\.gradle\caches\modules-2\files-2.1\io.grpc\grpc-stub\1.62.2\fc1e85697502d96d6c912e8dd2a56f46f1aba050\grpc-stub-1.62.2.jar;C:\Users\shahe\.gradle\caches\modules-2\files-2.1\io.grpc\grpc-util\1.62.2\98c4138f09fb57c3ad6cbeffb31ed73e302038f7\grpc-util-1.62.2.jar;C:\Users\shahe\.gradle\caches\modules-2\files-2.1\io.grpc\grpc-core\1.62.2\5808049a5e33eba6f248a68d58e75399a68f2784\grpc-core-1.62.2.jar;C:\Users\shahe\.gradle\caches\modules-2\files-2.1\io.grpc\grpc-context\1.62.2\69e86c35140b3b1718d65635bb54ccecc4c12f14\grpc-context-1.62.2.jar;C:\Users\shahe\.gradle\caches\modules-2\files-2.1\io.grpc\grpc-api\1.62.2\a93b6ee3761d48edd9a9279f20a58be1a245ad01\grpc-api-1.62.2.jar;C:\Users\shahe\.gradle\caches\modules-2\files-2.1\com.google.guava\guava\33.6.0-jre\374ff93f90751e8fc6c7cb5046bab9b14ff69c92\guava-33.6.0-android.jar;C:\Users\shahe\.gradle\caches\modules-2\files-2.1\org.robolectric\annotations\4.17\a1bb2dba3abeb1f1602d525d15c9eb7355b7fbb5\annotations-4.17.jar;C:\Users\shahe\.gradle\caches\modules-2\files-2.1\com.google.dagger\hilt-core\2.60.1\cf425401ef4214c1d1f9ed298dcd2bcbf8a0dd36\hilt-core-2.60.1.jar;C:\Users\shahe\.gradle\caches\modules-2\files-2.1\com.google.dagger\dagger\2.60.1\440df415f28bf80fc0d1f98bcf8765c32e769d68\dagger-2.60.1.jar;C:\Users\shahe\.gradle\caches\modules-2\files-2.1\org.jspecify\jspecify\1.0.0\7425a601c1c7ec76645a78d22b8c6a627edee507\jspecify-1.0.0.jar;C:\Users\shahe\.gradle\caches\modules-2\files-2.1\com.google.auto.value\auto-value-annotations\1.11.1\3493561c5809b92f9e5f54f48ecfe9682ba6cbbe\auto-value-annotations-1.11.1.jar;C:\Users\shahe\.gradle\caches\modules-2\files-2.1\com.google.errorprone\error_prone_annotations\2.47.0\e64e70c8e2b5a30ce7f1b6c9e3eb7016881e0411\error_prone_annotations-2.47.0.jar;C:\Users\shahe\.gradle\caches\modules-2\files-2.1\org.ow2.asm\asm-commons\9.10.1\4229e4c55fd8e01c23f9fe9884075cc628aacc50\asm-commons-9.10.1.jar;C:\Users\shahe\.gradle\caches\modules-2\files-2.1\org.ow2.asm\asm-tree\9.10.1\e244332a17564c1d1572449399a842de35881be2\asm-tree-9.10.1.jar;C:\Users\shahe\.gradle\caches\modules-2\files-2.1\org.ow2.asm\asm\9.10.1\ada2141c0cc52ee8f5c48cd5fa4ce0e794f22236\asm-9.10.1.jar;C:\Users\shahe\.gradle\caches\modules-2\files-2.1\org.conscrypt\conscrypt-openjdk-uber\2.6.2\65c5977595ee9cc12e6017b9d43b1d2e3d1bab63\conscrypt-openjdk-uber-2.6.2.jar;C:\Users\shahe\.gradle\caches\modules-2\files-2.1\org.yaml\snakeyaml\2.6\2bc14918a2f8d5414749ab12d0c590cd3198b8c1\snakeyaml-2.6.jar;C:\Users\shahe\.gradle\caches\9.5.0\transforms\c470c387f020856e0eb02f1800d2c866\transformed\espresso-idling-resource-3.7.0-runtime.jar;C:\Users\shahe\.gradle\caches\modules-2\files-2.1\com.google.testparameterinjector\test-parameter-injector\1.22\a9e9eff422bcda62502e0b9bd31b4a3bc839700d\test-parameter-injector-1.22.jar;C:\Users\shahe\.gradle\caches\modules-2\files-2.1\com.google.firebase\firebase-annotations\17.0.0\fd04a6accd970e0fcf9baf2424abe2926e00d0e2\firebase-annotations-17.0.0.jar;C:\Users\shahe\.gradle\caches\modules-2\files-2.1\javax.inject\javax.inject\1\6975da39a7040257bd51d21a231b76c915872d38\javax.inject-1.jar;C:\Users\shahe\.gradle\caches\modules-2\files-2.1\javax.annotation\javax.annotation-api\1.3.2\934c04d3cfef185a8008e7bf34331b79730a9d43\javax.annotation-api-1.3.2.jar;C:\Users\shahe\.gradle\caches\modules-2\files-2.1\org.bouncycastle\bcprov-jdk18on\1.85\2320b854dffe134687f7266bb22021b779e576d3\bcprov-jdk18on-1.85.jar;C:\Users\shahe\.gradle\caches\modules-2\files-2.1\org.jetbrains\annotations\23.0.0\8cc20c07506ec18e0834947b84a864bfc094484e\annotations-23.0.0.jar;C:\Users\shahe\.gradle\caches\9.5.0\transforms\339268edc941e30b4089812419c707d5\transformed\dagger-lint-aar-2.60.1-runtime.jar;C:\Users\shahe\.gradle\caches\modules-2\files-2.1\com.google.code.findbugs\jsr305\3.0.2\25ea2e8b0c338a877313bd4672d3fe056ea78f0d\jsr305-3.0.2.jar;C:\Users\shahe\.gradle\caches\modules-2\files-2.1\com.google.guava\failureaccess\1.0.3\aeaffd00d57023a2c947393ed251f0354f0985fc\failureaccess-1.0.3.jar;C:\Users\shahe\.gradle\caches\modules-2\files-2.1\com.google.guava\listenablefuture\9999.0-empty-to-avoid-conflict-with-guava\b421526c5f297295adef1c886e5246c39d4ac629\listenablefuture-9999.0-empty-to-avoid-conflict-with-guava.jar;C:\Users\shahe\.gradle\caches\modules-2\files-2.1\com.google.j2objc\j2objc-annotations\3.1\a892ca9507839bbdb900d64310ac98256cab992f\j2objc-annotations-3.1.jar;C:\Users\shahe\.gradle\caches\modules-2\files-2.1\com.almworks.sqlite4java\sqlite4java\1.0.392\d6234e08ff4e1607ff5321da2579571f05ff778d\sqlite4java-1.0.392.jar;C:\Users\shahe\.gradle\caches\modules-2\files-2.1\com.ibm.icu\icu4j\78.3\6a851a53bb1f25689fc418dcc8935b0d93580adf\icu4j-78.3.jar;C:\Users\shahe\.gradle\caches\modules-2\files-2.1\com.squareup\javawriter\2.1.1\67ff45d9ae02e583d0f9b3432a5ebbe05c30c966\javawriter-2.1.1.jar;C:\Users\shahe\.gradle\caches\modules-2\files-2.1\jakarta.inject\jakarta.inject-api\2.0.1\4c28afe1991a941d7702fe1362c365f0a8641d1e\jakarta.inject-api-2.0.1.jar;C:\Users\shahe\.gradle\caches\modules-2\files-2.1\org.robolectric\nativeruntime-dist-compat\1.0.19\1f6befcda5c961e02c19419b61ea94260e896615\nativeruntime-dist-compat-1.0.19.jar;C:\Users\shahe\.gradle\caches\modules-2\files-2.1\org.objenesis\objenesis\3.4\675cbe121a68019235d27f6c34b4f0ac30e07418\objenesis-3.4.jar;C:\Users\shahe\.gradle\caches\modules-2\files-2.1\net.bytebuddy\byte-buddy\1.18.2\7ac991b4bd502e2567efcdecc0d2e9b3f7dd3859\byte-buddy-1.18.2.jar;C:\Users\shahe\.gradle\caches\modules-2\files-2.1\net.bytebuddy\byte-buddy-agent\1.18.2\62f38a6faf7f069d661b79a07d566f504b0b20c4\byte-buddy-agent-1.18.2.jar;C:\Users\shahe\.gradle\caches\9.5.0\transforms\94b34b252800ade59573cfb7812b898d\transformed\protolite-well-known-types-18.0.1-runtime.jar;C:\Users\shahe\.gradle\caches\modules-2\files-2.1\com.google.re2j\re2j\1.6\a13e879fd7971738d06020fefeb108cc14e14169\re2j-1.6.jar;C:\Users\shahe\.gradle\caches\modules-2\files-2.1\org.reactivestreams\reactive-streams\1.0.4\3864a1320d97d7b045f729a326e1e077661f31b7\reactive-streams-1.0.4.jar;C:\Users\shahe\.gradle\caches\modules-2\files-2.1\com.google.protobuf\protobuf-javalite\3.25.5\272641fe157ed7c4a22f8d4c347bcd7f6eac8887\protobuf-javalite-3.25.5.jar;C:\Users\shahe\.gradle\caches\9.5.0\transforms\9e37f74861d3785bee42126b8e76cba5\transformed\core-common-2.0.4-runtime.jar;C:\Users\shahe\.gradle\caches\modules-2\files-2.1\io.perfmark\perfmark-api\0.26.0\ef65452adaf20bf7d12ef55913aba24037b82738\perfmark-api-0.26.0.jar;C:\Users\shahe\.gradle\caches\modules-2\files-2.1\com.google.code.gson\gson\2.10.1\b3add478d4382b78ea20b1671390a858002feb6c\gson-2.10.1.jar;C:\Users\shahe\.gradle\caches\modules-2\files-2.1\com.google.android\annotations\4.1.1.4\a1678ba907bf92691d879fef34e1a187038f9259\annotations-4.1.1.4.jar;C:\Users\shahe\.gradle\caches\modules-2\files-2.1\org.codehaus.mojo\animal-sniffer-annotations\1.23\3c0daebd5f0e1ce72cc50c818321ac957aeb5d70\animal-sniffer-annotations-1.23.jar;D:\Android Projects\cpl\feature\discovery\build\intermediates\java_res\debug\processDebugJavaRes\out;D:\Android Projects\cpl\core\testing\build\intermediates\java_res\debug\processDebugJavaRes\out;C:\Users\shahe\.gradle\caches\9.5.0\transforms\3a7f5a10a53e2e1b42b6abf5a5f5ea58\transformed\roborazzi-junit-rule-1.74.0\jars\classes.jar;C:\Users\shahe\.gradle\caches\9.5.0\transforms\924a804e5a7119175aaf733fab7f4e4f\transformed\junit-ktx-1.2.1\jars\classes.jar;D:\Android Projects\cpl\core\ui\build\intermediates\java_res\debug\processDebugJavaRes\out;D:\Android Projects\cpl\core\designsystem\build\intermediates\java_res\debug\processDebugJavaRes\out;D:\Android Projects\cpl\core\navigation\build\intermediates\java_res\debug\processDebugJavaRes\out;C:\Users\shahe\.gradle\caches\9.5.0\transforms\77293f76375548e6480c43ab28c6c9af\transformed\hilt-navigation-compose-1.4.0\jars\classes.jar;C:\Users\shahe\.gradle\caches\9.5.0\transforms\fcef9c1a437c401737ada908e516da66\transformed\navigation-runtime\jars\classes.jar;C:\Users\shahe\.gradle\caches\9.5.0\transforms\e5af23e7be1335519ffec2254f3f7528\transformed\navigation-common\jars\classes.jar;C:\Users\shahe\.gradle\caches\9.5.0\transforms\11cf502158b017ab7fd811c3630ff107\transformed\navigation-compose\jars\classes.jar;D:\Android Projects\cpl\core\data\build\intermediates\java_res\debug\processDebugJavaRes\out;D:\Android Projects\cpl\core\datastore\build\intermediates\java_res\debug\processDebugJavaRes\out;D:\Android Projects\cpl\core\firebase\build\intermediates\java_res\debug\processDebugJavaRes\out;C:\Users\shahe\.gradle\caches\9.5.0\transforms\2e67eac497f3fa9143082f1163d840b8\transformed\hilt-lifecycle-viewmodel-compose-1.4.0\jars\classes.jar;C:\Users\shahe\.gradle\caches\9.5.0\transforms\21137227142cb17f5e191ee412533540\transformed\hilt-lifecycle-viewmodel-1.4.0\jars\classes.jar;C:\Users\shahe\.gradle\caches\9.5.0\transforms\ea6e91e25d23513b12074d2280c5fa8b\transformed\hilt-android-2.60.1\jars\classes.jar;C:\Users\shahe\.gradle\caches\9.5.0\transforms\f3ef324e63d235fc22f11d20e9f74bb4\transformed\roborazzi-compose-1.74.0\jars\classes.jar;C:\Users\shahe\.gradle\caches\9.5.0\transforms\759acd3b67bf90731b3ee62459c744c4\transformed\roborazzi-1.74.0\jars\classes.jar;C:\Users\shahe\.gradle\caches\9.5.0\transforms\6f9c29c414d05e25f4fda3949ddad6e8\transformed\roborazzi-core\jars\classes.jar;C:\Users\shahe\.gradle\caches\9.5.0\transforms\2d4f76f7f64a47ffdcb1459c8c66b409\transformed\material-ripple\jars\classes.jar;C:\Users\shahe\.gradle\caches\9.5.0\transforms\234c2d0d275aa20208519a9552ac236c\transformed\foundation\jars\classes.jar;C:\Users\shahe\.gradle\caches\9.5.0\transforms\03f990ad908c01fb9438fb3df569fe64\transformed\foundation-layout\jars\classes.jar;C:\Users\shahe\.gradle\caches\9.5.0\transforms\e985b2c287f9c0c77522297c9fd203d4\transformed\animation-core\jars\classes.jar;C:\Users\shahe\.gradle\caches\9.5.0\transforms\e9f87d0539a4fb090f0ec838254e7ba7\transformed\animation\jars\classes.jar;C:\Users\shahe\.gradle\caches\9.5.0\transforms\b23e23b06a6301e342e8033715b18883\transformed\ui-tooling-data\jars\classes.jar;C:\Users\shahe\.gradle\caches\9.5.0\transforms\1664b64756031a69554ab95d64cd2bb9\transformed\ui-tooling-preview\jars\classes.jar;C:\Users\shahe\.gradle\caches\9.5.0\transforms\bf43abe6c189094747bafe29c81ae3fd\transformed\ui-unit\jars\classes.jar;C:\Users\shahe\.gradle\caches\9.5.0\transforms\3dbedcd7c44f40c266b3815adae52f01\transformed\ui-text\jars\classes.jar;C:\Users\shahe\.gradle\caches\9.5.0\transforms\440595a520b0ab7cb98bfd13c3d4b19f\transformed\ui-graphics\jars\classes.jar;C:\Users\shahe\.gradle\caches\9.5.0\transforms\316d354324fba05ab7176940b3ab6fcc\transformed\ui-geometry\jars\classes.jar;C:\Users\shahe\.gradle\caches\9.5.0\transforms\4b62521d55a2c578bca610dc2ed84654\transformed\ui-test-manifest-1.11.2\jars\classes.jar;C:\Users\shahe\.gradle\caches\9.5.0\transforms\a9ce74115960124c854bc2dcfa8df983\transformed\ui-tooling\jars\classes.jar;C:\Users\shahe\.gradle\caches\9.5.0\transforms\c268445967c03d60e471f0af53a306da\transformed\material3\jars\classes.jar;C:\Users\shahe\.gradle\caches\9.5.0\transforms\8878e4c2b48b6e0a50dd63eee37f4b61\transformed\ui-util\jars\classes.jar;C:\Users\shahe\.gradle\caches\9.5.0\transforms\c98054caa2862da20c1169a51b19d586\transformed\ui-test\jars\classes.jar;C:\Users\shahe\.gradle\caches\9.5.0\transforms\7087a896ff9a41f238b25c8ec199780e\transformed\espresso-core-3.5.1\jars\classes.jar;C:\Users\shahe\.gradle\caches\9.5.0\transforms\7cf940839f4ed938e68f840403ab6b54\transformed\core-1.7.0\jars\classes.jar;C:\Users\shahe\.gradle\caches\9.5.0\transforms\e5073fbe7be93d75f1efc3441ab3dd43\transformed\firebase-perf-22.0.6\jars\classes.jar;C:\Users\shahe\.gradle\caches\9.5.0\transforms\414704d8b8a377acd429dd2112262704\transformed\appcompat-resources-1.7.1\jars\classes.jar;C:\Users\shahe\.gradle\caches\9.5.0\transforms\3253bfcaafe59a22a6b46a51aeb9fef8\transformed\appcompat-1.7.1\jars\classes.jar;C:\Users\shahe\.gradle\caches\9.5.0\transforms\41318df5aa51e344a5e17da23a435a3d\transformed\activity-ktx-1.13.0\jars\classes.jar;C:\Users\shahe\.gradle\caches\9.5.0\transforms\98edc22f3d77ba64ac5d77497cf8de70\transformed\firebase-auth-24.2.0\jars\classes.jar;C:\Users\shahe\.gradle\caches\9.5.0\transforms\bc9d63e8eb1a00a59599c8e22e10ce04\transformed\firebase-appcheck-debug-19.4.1\jars\classes.jar;C:\Users\shahe\.gradle\caches\9.5.0\transforms\6da6e6f758f9d8ea51275c13300df210\transformed\firebase-appcheck-playintegrity-19.4.1\jars\classes.jar;C:\Users\shahe\.gradle\caches\9.5.0\transforms\feaad1bce022735f9cb609ea7604337f\transformed\firebase-firestore-26.6.0\jars\classes.jar;C:\Users\shahe\.gradle\caches\9.5.0\transforms\708f161fa5c21dd2c9efdbcca10ff941\transformed\firebase-functions-22.1.1\jars\classes.jar;C:\Users\shahe\.gradle\caches\9.5.0\transforms\d7bbadc89ad4395e8200b7cf651c8137\transformed\firebase-messaging-25.1.3\jars\classes.jar;C:\Users\shahe\.gradle\caches\9.5.0\transforms\f56a6cb46e0fb6b7d7381b391afdd689\transformed\firebase-storage-22.0.2\jars\classes.jar;C:\Users\shahe\.gradle\caches\9.5.0\transforms\80dee1500dd04f5865dffff4b3a1425b\transformed\firebase-appcheck-19.4.1\jars\classes.jar;C:\Users\shahe\.gradle\caches\9.5.0\transforms\8668e15666ef01ac96269d0cd3f4925d\transformed\credentials-1.2.0-rc01\jars\classes.jar;C:\Users\shahe\.gradle\caches\9.5.0\transforms\fd1939321139dd001e09603936e57118\transformed\credentials-play-services-auth-1.2.0-rc01\jars\classes.jar;C:\Users\shahe\.gradle\caches\9.5.0\transforms\9a3ab6e8b1da8cb22d200fb1c6ab3591\transformed\play-services-auth-20.7.0\jars\classes.jar;C:\Users\shahe\.gradle\caches\9.5.0\transforms\b61d8ab45fdcdc86361c39a6a889e583\transformed\play-services-auth-api-phone-18.0.2\jars\classes.jar;C:\Users\shahe\.gradle\caches\9.5.0\transforms\05b3de4eb629673078ac78bd551fd4ab\transformed\firebase-database-collection-18.0.1\jars\classes.jar;C:\Users\shahe\.gradle\caches\9.5.0\transforms\e3ad859cbd183bcf94cb2a4ac782421d\transformed\firebase-appcheck-interop-17.1.0\jars\classes.jar;C:\Users\shahe\.gradle\caches\9.5.0\transforms\f9cfaa9a5c4ac152a752a05ee930dbbf\transformed\firebase-iid-21.1.0\jars\classes.jar;C:\Users\shahe\.gradle\caches\9.5.0\transforms\ba8a7403092c862a04ffb777836fc2b5\transformed\play-services-cloud-messaging-17.4.0\jars\classes.jar;C:\Users\shahe\.gradle\caches\9.5.0\transforms\22061bc036e8af2338aa0b9fbc993f9d\transformed\firebase-analytics-23.2.0\jars\classes.jar;C:\Users\shahe\.gradle\caches\9.5.0\transforms\b0d963f19912c64b59a54b3703d5307e\transformed\play-services-measurement-23.2.0\jars\classes.jar;C:\Users\shahe\.gradle\caches\9.5.0\transforms\9991b0d6e6b403ac3cc73012433cea04\transformed\play-services-measurement-sdk-23.2.0\jars\classes.jar;C:\Users\shahe\.gradle\caches\9.5.0\transforms\5e3311c73c182de3ffe5d3ba2ff903c6\transformed\play-services-measurement-impl-23.2.0\jars\classes.jar;C:\Users\shahe\.gradle\caches\9.5.0\transforms\5e4ccabd0938e6c11e71089c79bc0c76\transformed\play-services-fido-20.1.0\jars\classes.jar;C:\Users\shahe\.gradle\caches\9.5.0\transforms\c786b3072f4a540d57180e55a3455a27\transformed\play-services-auth-base-18.0.4\jars\classes.jar;C:\Users\shahe\.gradle\caches\9.5.0\transforms\ef45f9d6769a4082df5f6f62890591c1\transformed\play-services-base-18.9.0\jars\classes.jar;C:\Users\shahe\.gradle\caches\9.5.0\transforms\f20dd6eaf3e2c8885a96bacfc0537323\transformed\play-services-measurement-api-23.2.0\jars\classes.jar;D:\Android Projects\cpl\core\analytics\build\intermediates\java_res\debug\processDebugJavaRes\out;C:\Users\shahe\.gradle\caches\9.5.0\transforms\dffd59b9e633b07dca638f8209cd90d7\transformed\play-services-stats-17.0.2\jars\classes.jar;C:\Users\shahe\.gradle\caches\9.5.0\transforms\e7e2f70fd1940145ba525ff5dd5f1daa\transformed\transition-1.6.0\jars\classes.jar;C:\Users\shahe\.gradle\caches\9.5.0\transforms\92b2c337e06811ec71770cae7b461f5b\transformed\dynamicanimation-1.0.0\jars\classes.jar;C:\Users\shahe\.gradle\caches\9.5.0\transforms\50b725819b9de3bbcd16bea14f89f187\transformed\legacy-support-core-utils-1.0.0\jars\classes.jar;C:\Users\shahe\.gradle\caches\9.5.0\transforms\5f51801aecb762ac9b40a9832a857624\transformed\loader-1.0.0\jars\classes.jar;C:\Users\shahe\.gradle\caches\9.5.0\transforms\a4b86ef2fc134766ee4c15b677976e63\transformed\lifecycle-viewmodel-ktx-2.11.0\jars\classes.jar;C:\Users\shahe\.gradle\caches\9.5.0\transforms\d164de6ba7a5c0ac1dbf31f02ed8bfc9\transformed\emoji2-views-helper-1.4.0\jars\classes.jar;C:\Users\shahe\.gradle\caches\9.5.0\transforms\8d4cc405938fc4585aaac72310a40ce7\transformed\emoji2-1.4.0\jars\classes.jar;C:\Users\shahe\.gradle\caches\9.5.0\transforms\8d4cc405938fc4585aaac72310a40ce7\transformed\emoji2-1.4.0\jars\libs\repackaged.jar;C:\Users\shahe\.gradle\caches\9.5.0\transforms\9dbda87cf00f3a8b65d226b79a522758\transformed\lifecycle-process-2.11.0\jars\classes.jar;C:\Users\shahe\.gradle\caches\9.5.0\transforms\8c4a6639652c4a1381cf46c097432dbc\transformed\lifecycle-livedata-core-ktx-2.11.0\jars\classes.jar;C:\Users\shahe\.gradle\caches\9.5.0\transforms\2291fa6557792e1c8a0cda1ff2349cda\transformed\lifecycle-livedata-2.11.0\jars\classes.jar;C:\Users\shahe\.gradle\caches\9.5.0\transforms\3e5b20c89dd6918a1727bac9f6dc1a24\transformed\lifecycle-runtime-ktx\jars\classes.jar;C:\Users\shahe\.gradle\caches\9.5.0\transforms\7d1250d21c3ec762e4451ffd83176699\transformed\navigationevent\jars\classes.jar;C:\Users\shahe\.gradle\caches\9.5.0\transforms\15ff759bd85d8df58479d4117fd26f8b\transformed\navigationevent-compose\jars\classes.jar;C:\Users\shahe\.gradle\caches\9.5.0\transforms\9ccdb891392837594458c1a302c480ad\transformed\runtime-retain\jars\classes.jar;C:\Users\shahe\.gradle\caches\9.5.0\transforms\c655f7a54785ab2150cbb29a61e20e0b\transformed\runtime-annotation\jars\classes.jar;C:\Users\shahe\.gradle\caches\9.5.0\transforms\62b849ea0b74e06217bba430fab7df0d\transformed\runtime\jars\classes.jar;C:\Users\shahe\.gradle\caches\9.5.0\transforms\b9e1a0bc1a8e2bd839b73a6e6e7676d2\transformed\runtime-saveable\jars\classes.jar;C:\Users\shahe\.gradle\caches\9.5.0\transforms\99e0870500babb1742aaec7662a09cfa\transformed\savedstate-compose\jars\classes.jar;C:\Users\shahe\.gradle\caches\9.5.0\transforms\9f82c595f34efaed6a390a76a7f3cdb8\transformed\savedstate-ktx-1.5.0\jars\classes.jar;C:\Users\shahe\.gradle\caches\9.5.0\transforms\7e5386b1b2cda63ff497b41a0ffb6ff5\transformed\savedstate\jars\classes.jar;C:\Users\shahe\.gradle\caches\9.5.0\transforms\011e6337bf7a5aefa1416fe56840ab4b\transformed\ads-adservices-java-1.1.0-beta11\jars\classes.jar;C:\Users\shahe\.gradle\caches\9.5.0\transforms\d0765c481e04c7926fa7b626afa3cd13\transformed\ads-adservices-1.1.0-beta11\jars\classes.jar;C:\Users\shahe\.gradle\caches\9.5.0\transforms\0895f3c7fdc406c61a8453ddbfde47bd\transformed\customview-poolingcontainer-1.0.0\jars\classes.jar;C:\Users\shahe\.gradle\caches\9.5.0\transforms\fc04e6c8baae96a08adb964db14d9244\transformed\core-ktx-1.18.0\jars\classes.jar;C:\Users\shahe\.gradle\caches\9.5.0\transforms\f37680d77eb080b0a55ab14e03de98b7\transformed\browser-1.4.0\jars\classes.jar;C:\Users\shahe\.gradle\caches\9.5.0\transforms\357ba234760b2f6add0b2aa7c2f222b6\transformed\drawerlayout-1.0.0\jars\classes.jar;C:\Users\shahe\.gradle\caches\9.5.0\transforms\7625ecb70460cf50d9c3bcdc7f4bba9c\transformed\viewpager-1.0.0\jars\classes.jar;C:\Users\shahe\.gradle\caches\9.5.0\transforms\798708aa0d97c9bf5fa6573fca07b5c2\transformed\vectordrawable-animated-1.1.0\jars\classes.jar;C:\Users\shahe\.gradle\caches\9.5.0\transforms\4b8487ba20eb40c12baa06e63a0a8c93\transformed\vectordrawable-1.1.0\jars\classes.jar;C:\Users\shahe\.gradle\caches\9.5.0\transforms\25456b03490e0a9c6c83f30d86a4da25\transformed\customview-1.0.0\jars\classes.jar;C:\Users\shahe\.gradle\caches\9.5.0\transforms\3fd4247650955e5b0231ba5d29121d7e\transformed\autofill-1.0.0\jars\classes.jar;C:\Users\shahe\.gradle\caches\9.5.0\transforms\bb14f6566a05ac53e7ab7bfed9992c77\transformed\window-core\jars\classes.jar;C:\Users\shahe\.gradle\caches\9.5.0\transforms\38ed94e868a0d20d760d9ee0ef34da10\transformed\window-1.5.0\jars\classes.jar;C:\Users\shahe\.gradle\caches\9.5.0\transforms\45b98a3c0fc026458247fa56ae6f9538\transformed\graphics-path-1.0.1\jars\classes.jar;C:\Users\shahe\.gradle\caches\9.5.0\transforms\80d6cd7a75289278af6668fa4cf13167\transformed\core-1.18.0\jars\classes.jar;C:\Users\shahe\.gradle\caches\9.5.0\transforms\414e4e16c89f8b2101f635d4a8be23d9\transformed\lifecycle-runtime\jars\classes.jar;C:\Users\shahe\.gradle\caches\9.5.0\transforms\fe712e394fe49810327e5432147c1642\transformed\lifecycle-viewmodel-savedstate\jars\classes.jar;C:\Users\shahe\.gradle\caches\9.5.0\transforms\82e2f269dbac06f24760ddfaa422bad3\transformed\lifecycle-viewmodel-2.11.0\jars\classes.jar;C:\Users\shahe\.gradle\caches\9.5.0\transforms\89cb6959e6ac72a3632b9eccb9b769d3\transformed\lifecycle-viewmodel\jars\classes.jar;C:\Users\shahe\.gradle\caches\9.5.0\transforms\1a79d1cc23af29d329a9cdd4788fa63b\transformed\recaptcha-18.6.1\jars\classes.jar;C:\Users\shahe\.gradle\caches\9.5.0\transforms\343b6e7cd484a8ed58383084d0407e15\transformed\profileinstaller-1.4.0\jars\classes.jar;C:\Users\shahe\.gradle\caches\9.5.0\transforms\a9f1a3a130a66f2ca32dd09e846dd7d5\transformed\firebase-config-23.1.0\jars\classes.jar;C:\Users\shahe\.gradle\caches\9.5.0\transforms\0507e4f0d45b11ceddf1c9817ab1c1d7\transformed\firebase-crashlytics-20.1.1\jars\classes.jar;C:\Users\shahe\.gradle\caches\9.5.0\transforms\d089358c5df921ebbbec70b26f087ff0\transformed\firebase-auth-interop-20.0.0\jars\classes.jar;C:\Users\shahe\.gradle\caches\9.5.0\transforms\63f24858cc2157cc0a8237625c5c348f\transformed\firebase-sessions-3.0.8\jars\classes.jar;C:\Users\shahe\.gradle\caches\9.5.0\transforms\b5da237d80cd0e9e45ee36faf868d02b\transformed\firebase-installations-19.1.2\jars\classes.jar;C:\Users\shahe\.gradle\caches\9.5.0\transforms\11383e0416fa74e41d0d5497ea83007c\transformed\firebase-common-22.2.1\jars\classes.jar;C:\Users\shahe\.gradle\caches\9.5.0\transforms\80de24a177904f8c6b4536dc9ef4ab64\transformed\datastore-core\jars\classes.jar;C:\Users\shahe\.gradle\caches\9.5.0\transforms\1b443c120e0963dd667bc5b713cbfe8a\transformed\datastore-preferences-core\jars\classes.jar;C:\Users\shahe\.gradle\caches\9.5.0\transforms\7f97d5a7ef8178e07e5c8c1efb0a7e05\transformed\datastore\jars\classes.jar;C:\Users\shahe\.gradle\caches\9.5.0\transforms\21e31a42f697d580eb444e30f0bef71d\transformed\datastore-preferences\jars\classes.jar;C:\Users\shahe\.gradle\caches\9.5.0\transforms\890a28bacc26740d2ef6fe1d08a15e82\transformed\integrity-1.4.0\jars\classes.jar;C:\Users\shahe\.gradle\caches\9.5.0\transforms\9778c0f3613e8c5695089379cfaa0887\transformed\firebase-iid-interop-17.1.0\jars\classes.jar;C:\Users\shahe\.gradle\caches\9.5.0\transforms\12b62a6262cc101b07826c16f89efad7\transformed\firebase-installations-interop-17.3.0\jars\classes.jar;C:\Users\shahe\.gradle\caches\9.5.0\transforms\4d9f717b3a1c47366a65495a78bee518\transformed\play-services-tasks-18.4.0\jars\classes.jar;C:\Users\shahe\.gradle\caches\9.5.0\transforms\ba74d3e211744a58b736adfa1d7de292\transformed\firebase-abt-21.1.1\jars\classes.jar;C:\Users\shahe\.gradle\caches\9.5.0\transforms\5207fd078b1bbd2912ca4cb79f31e60d\transformed\firebase-measurement-connector-20.0.1\jars\classes.jar;C:\Users\shahe\.gradle\caches\9.5.0\transforms\5426fe803da3e470091c2ac662430ced\transformed\play-services-ads-identifier-18.0.0\jars\classes.jar;C:\Users\shahe\.gradle\caches\9.5.0\transforms\00e07f94f3ff6804a26364156be5f010\transformed\play-services-measurement-sdk-api-23.2.0\jars\classes.jar;C:\Users\shahe\.gradle\caches\9.5.0\transforms\d3c042d37de2949f1eccafbf0a592c92\transformed\play-services-measurement-base-23.2.0\jars\classes.jar;C:\Users\shahe\.gradle\caches\9.5.0\transforms\41657be83901fd16ae29fd966978bbd2\transformed\play-services-basement-18.9.0\jars\classes.jar;C:\Users\shahe\.gradle\caches\9.5.0\transforms\d450a2edd0b35ac2e6608ca160ac5946\transformed\fragment-1.5.4\jars\classes.jar;C:\Users\shahe\.gradle\caches\9.5.0\transforms\352912d9daea3e906cce4a7c2b2b0628\transformed\activity-1.13.0\jars\classes.jar;C:\Users\shahe\.gradle\caches\9.5.0\transforms\185cb3e1f75f506248894a296356ecab\transformed\activity-compose-1.13.0\jars\classes.jar;C:\Users\shahe\.gradle\caches\9.5.0\transforms\d7a1266597b48751917a7c84b4708de9\transformed\lifecycle-livedata-core-2.11.0\jars\classes.jar;C:\Users\shahe\.gradle\caches\9.5.0\transforms\132fb0b7417a4f90c8f4c647f4070e44\transformed\lifecycle-runtime-compose\jars\classes.jar;C:\Users\shahe\.gradle\caches\9.5.0\transforms\91ef579e63f87f7ff4a37077870e0d31\transformed\lifecycle-viewmodel-compose\jars\classes.jar;C:\Users\shahe\.gradle\caches\9.5.0\transforms\424b3e0b75d749af46005f5c108ecbb4\transformed\material-icons-extended-release\jars\classes.jar;C:\Users\shahe\.gradle\caches\9.5.0\transforms\f30fdd5ba56716e1c7c096e84004f9f3\transformed\material-icons-core-release\jars\classes.jar;C:\Users\shahe\.gradle\caches\9.5.0\transforms\795bb598f9e35bd396356d501af195fb\transformed\ui\jars\classes.jar;C:\Users\shahe\.gradle\caches\9.5.0\transforms\f55d0ae0ac9165de7d28fd817714b83e\transformed\ui-test-junit4\jars\classes.jar;C:\Users\shahe\.gradle\caches\9.5.0\transforms\835562be66188bd55ed08163727fa143\transformed\junit-1.3.0\jars\classes.jar;C:\Users\shahe\.gradle\caches\9.5.0\transforms\1e5ac2a573815445bbecee57b8e77ae0\transformed\runner-1.5.2\jars\classes.jar;C:\Users\shahe\.gradle\caches\9.5.0\transforms\9baa9006b0700077789f8b1f12b309cd\transformed\storage-1.6.0\jars\classes.jar;C:\Users\shahe\.gradle\caches\9.5.0\transforms\d70c68d01066beed58d35d0d89f7113b\transformed\monitor-1.8.0\jars\classes.jar;C:\Users\shahe\.gradle\caches\9.5.0\transforms\020d93f5b34d29514427420fca5beda3\transformed\annotation-1.0.1\jars\classes.jar;C:\Users\shahe\.gradle\caches\9.5.0\transforms\1a03903b9cce2999acd47035f8444c46\transformed\core-runtime-2.2.0\jars\classes.jar;C:\Users\shahe\.gradle\caches\9.5.0\transforms\aebdbe20cbec3d4f011c8973f79fb2bc\transformed\firebase-components-19.0.0\jars\classes.jar;C:\Users\shahe\.gradle\caches\9.5.0\transforms\a2c9c50a31251c682a19988cbf6a16d7\transformed\localbroadcastmanager-1.0.0\jars\classes.jar;C:\Users\shahe\.gradle\caches\9.5.0\transforms\d4f44e6cc6605c5aeac0bf0c5aa1cbe2\transformed\firebase-config-interop-16.0.1\jars\classes.jar;C:\Users\shahe\.gradle\caches\9.5.0\transforms\e517a2ef7ef35b8e2e6f9df5f204dcef\transformed\firebase-datatransport-19.0.0\jars\classes.jar;C:\Users\shahe\.gradle\caches\9.5.0\transforms\f07ca4022e4792dbb37cfcbdf9b4d0a6\transformed\transport-backend-cct-3.3.0\jars\classes.jar;C:\Users\shahe\.gradle\caches\9.5.0\transforms\4aa84344625e4ac61127a56e106c74ef\transformed\firebase-encoders-json-18.0.1\jars\classes.jar;C:\Users\shahe\.gradle\caches\9.5.0\transforms\76a7dc141f5eed9689aa558909996a67\transformed\transport-runtime-3.3.0\jars\classes.jar;C:\Users\shahe\.gradle\caches\9.5.0\transforms\465cd142109341cceea0aa538f4e245e\transformed\transport-api-3.2.0\jars\classes.jar;C:\Users\shahe\.gradle\caches\9.5.0\transforms\7c5a2dbd21674d668b6b829ccefd3e14\transformed\versionedparcelable-1.1.1\jars\classes.jar;C:\Users\shahe\.gradle\caches\9.5.0\transforms\88cea4f2339408d5f161711c20a50a6a\transformed\startup-runtime-1.1.1\jars\classes.jar;C:\Users\shahe\.gradle\caches\9.5.0\transforms\6dd482e8beedafe020bfc10fae933aca\transformed\interpolator-1.0.0\jars\classes.jar;C:\Users\shahe\.gradle\caches\9.5.0\transforms\e584a9245c4162b6b04c7b6e729795c4\transformed\cursoradapter-1.0.0\jars\classes.jar;C:\Users\shahe\.gradle\caches\9.5.0\transforms\a8f5f3a2fee145852ad24427b0888ea2\transformed\tracing-1.2.0\jars\classes.jar;C:\Users\shahe\.gradle\caches\9.5.0\transforms\f582a11208aa260f4a181f221ea91be9\transformed\documentfile-1.0.0\jars\classes.jar;C:\Users\shahe\.gradle\caches\9.5.0\transforms\fb8fea883b62dba34e0097226a59b7d5\transformed\print-1.0.0\jars\classes.jar;C:\Users\shahe\.gradle\caches\9.5.0\transforms\2d03e7d4f6c69eaf3be9b778b55a466a\transformed\annotation-experimental-1.4.1\jars\classes.jar;C:\Users\shahe\.gradle\caches\9.5.0\transforms\ae38e712db6c8a35eab9d1554036f75d\transformed\core-viewtree-1.0.0\jars\classes.jar;C:\Users\shahe\.gradle\caches\9.5.0\transforms\615205c355def20201cf13bf9a6c9f21\transformed\googleid-1.1.0\jars\classes.jar;C:\Users\shahe\.gradle\caches\9.5.0\transforms\51be1a1b192dc02cb3c063d6edf2c07d\transformed\grpc-android-1.62.2\jars\classes.jar;C:\Users\shahe\.gradle\caches\9.5.0\transforms\03c9598cf95580794aae7f3b891a0a9e\transformed\espresso-idling-resource-3.7.0\jars\classes.jar;C:\Users\shahe\.gradle\caches\9.5.0\transforms\8c8d3a9fe9281ba99c8f52b1070a8d56\transformed\dagger-lint-aar-2.60.1\jars\classes.jar;C:\Users\shahe\.gradle\caches\9.5.0\transforms\8ab3068b8a95041c147f563e0cd0724c\transformed\protolite-well-known-types-18.0.1\jars\classes.jar;C:\Users\shahe\.gradle\caches\9.5.0\transforms\0e090987fbd21e4603ae34505efb1460\transformed\core-common-2.0.4\jars\classes.jar;D:\Android Projects\cpl\feature\discovery\build\intermediates\compile_and_runtime_r_class_jar\debugUnitTest\processDebugUnitTestResources\R.jar;C:\Users\shahe\.gradle\caches\9.5.0\transforms\38d1f0918522664523566f37e6626a1d\transformed\android.jar
Launcher Type: SUN_STANDARD

[Global flags]
     intx CICompilerCount                          = 12                                        {product} {ergonomic}
     uint ConcGCThreads                            = 3                                         {product} {ergonomic}
     uint G1ConcRefinementThreads                  = 13                                        {product} {ergonomic}
   size_t G1HeapRegionSize                         = 1048576                                   {product} {ergonomic}
    uintx GCDrainStackTargetSize                   = 64                                        {product} {ergonomic}
   size_t InitialHeapSize                          = 125829120                                 {product} {ergonomic}
   size_t MarkStackSize                            = 4194304                                   {product} {ergonomic}
   size_t MaxHeapSize                              = 536870912                                 {product} {command line}
   size_t MaxNewSize                               = 321912832                                 {product} {ergonomic}
   size_t MinHeapDeltaBytes                        = 1048576                                   {product} {ergonomic}
   size_t MinHeapSize                              = 8388608                                   {product} {ergonomic}
    uintx NonNMethodCodeHeapSize                   = 7602480                                {pd product} {ergonomic}
    uintx NonProfiledCodeHeapSize                  = 122027880                              {pd product} {ergonomic}
    uintx ProfiledCodeHeapSize                     = 122027880                              {pd product} {ergonomic}
    uintx ReservedCodeCacheSize                    = 251658240                              {pd product} {ergonomic}
     bool SegmentedCodeCache                       = true                                      {product} {ergonomic}
   size_t SoftMaxHeapSize                          = 536870912                              {manageable} {ergonomic}
     bool UseCompressedOops                        = true                           {product lp64_product} {ergonomic}
     bool UseG1GC                                  = true                                      {product} {ergonomic}
     bool UseLargePagesIndividualAllocation        = false                                  {pd product} {ergonomic}

Logging:
Log output configuration:
 #0: stdout all=warning uptime,level,tags foldmultilines=false
 #1: stderr all=off uptime,level,tags foldmultilines=false

Release file:
JAVA_VERSION="21.0.11" 
MODULES="java.base java.compiler java.datatransfer java.xml java.prefs java.desktop java.instrument java.logging java.management java.security.sasl java.naming java.rmi java.management.rmi java.net.http java.scripting java.security.jgss java.transaction.xa java.sql java.sql.rowset java.xml.crypto java.se java.smartcardio jdk.accessibility jdk.internal.jvmstat jdk.attach jdk.charsets jdk.internal.opt jdk.zipfs jdk.compiler jdk.crypto.ec jdk.crypto.cryptoki jdk.crypto.mscapi jdk.dynalink jdk.internal.ed jdk.editpad jdk.hotspot.agent jdk.httpserver jdk.incubator.vector jdk.internal.le jdk.internal.vm.ci jdk.internal.vm.compiler jdk.internal.vm.compiler.management jdk.jartool jdk.javadoc jdk.jcmd jdk.management jdk.management.agent jdk.jconsole jdk.jdeps jdk.jdwp.agent jdk.jdi jdk.jfr jdk.jlink jdk.jpackage jdk.jshell jdk.jsobject jdk.jstatd jdk.localedata jdk.management.jfr jdk.naming.dns jdk.naming.rmi jdk.net jdk.nio.mapmode jdk.random jdk.sctp jdk.security.auth jdk.security.jgss jdk.unsupported jdk.unsupported.desktop jdk.xml.dom" 
IMPLEMENTOR="JetBrains s.r.o." 
IMPLEMENTOR_VERSION="JBRSDK-21.0.11+1-1163.116-nomod" 
JAVA_RUNTIME_VERSION="21.0.11+1-b1163.116" 
LIBC="default" 
OS_ARCH="x86_64" 
OS_NAME="Windows" 
SOURCE=".:git:cf1f197170a0+" 

Environment Variables:
JAVA_HOME=C:/Users/shahe/.jdks/jbr-21.0.11
PATH=C:\Users\shahe\.jdks\jbr-21.0.11\bin;C:\Users\shahe\miniconda3;C:\Users\shahe\miniconda3\Library\mingw-w64\bin;C:\Users\shahe\miniconda3\Library\usr\bin;C:\Users\shahe\miniconda3\Library\bin;C:\Users\shahe\miniconda3\Scripts;C:\Users\shahe\miniconda3\bin;C:\Users\shahe\miniconda3\condabin;C:\Users\shahe\bin;C:\Program Files\Git\mingw64\bin;C:\Program Files\Git\usr\local\bin;C:\Program Files\Git\usr\bin;C:\Program Files\Git\usr\bin;C:\Program Files\Git\mingw64\bin;C:\Program Files\Git\usr\bin;C:\Users\shahe\bin;C:\Windows\system32;C:\Windows;C:\Windows\System32\Wbem;C:\Windows\System32\WindowsPowerShell\v1.0;C:\Windows\System32\OpenSSH;C:\Program Files (x86)\NVIDIA Corporation\PhysX\Common;C:\Program Files\NVIDIA Corporation\NVIDIA NvDLISR;C:\Windows\system32;C:\Windows;C:\Windows\System32\Wbem;C:\Windows\System32\WindowsPowerShell\v1.0;C:\Windows\System32\OpenSSH;C:\Program Files\Git\cmd;C:\Program Files\nodejs;C:\Users\shahe\miniconda3;C:\Users\shahe\miniconda3\Library\mingw-w64\bin;C:\Users\shahe\miniconda3\Library\usr\bin;C:\Users\shahe\miniconda3\Library\bin;C:\Users\shahe\miniconda3\Scripts;C:\Users\shahe\AppData\Local\Microsoft\WindowsApps;C:\Users\shahe\AppData\Local\Microsoft\WinGet\Packages\Gyan.FFmpeg_Microsoft.Winget.Source_8wekyb3d8bbwe\ffmpeg-7.0.2-full_build\bin;C:\Users\shahe\AppData\Local\Programs\Microsoft VS Code\bin;C:\Users\shahe\AppData\Roaming\npm;C:\Program Files\nodejs;C:\Program Files\Git\mingw64\bin;C:\Program Files\Git\usr\bin\vendor_perl;C:\Program Files\Git\usr\bin\core_perl;C:\Users\shahe\AppData\Roaming\Claude\local-agent-mode-sessions\skills-plugin\f1887f4f-daf6-471c-983a-cab0005b1e26\2e648cc1-1b10-4e28-9e07-0d0e1d7fe8a7\bin
USERNAME=shahe
SHELL=C:\Program Files\Git\usr\bin\bash.exe
TERM=xterm-256color
OS=Windows_NT
PROCESSOR_IDENTIFIER=AMD64 Family 25 Model 80 Stepping 0, AuthenticAMD
TMP=C:\Users\shahe\AppData\Local\Temp
TEMP=C:\Users\shahe\AppData\Local\Temp




Periodic native trim disabled

JNI global refs:
JNI global refs: 302, weak refs: 0

JNI global refs memory usage: 3363, weak refs: 833

Process memory usage:
Resident Set Size: 229552K (2% of 7765196K total physical memory with 175860K free physical memory)

OOME stack traces (most recent first):
Classloader memory used:
