#
# There is insufficient memory for the Java Runtime Environment to continue.
# Native memory allocation (malloc) failed to allocate 1094032 bytes. Error detail: Chunk::new
# Possible reasons:
#   The system is out of physical RAM or swap space
#   This process is running with CompressedOops enabled, and the Java Heap may be blocking the growth of the native heap
# Possible solutions:
#   Reduce memory load on the system
#   Increase physical memory or swap space
#   Check if swap backing store is full
#   Decrease Java heap size (-Xmx/-Xms)
#   Decrease number of Java threads
#   Decrease Java thread stack sizes (-Xss)
#   Set larger code cache with -XX:ReservedCodeCacheSize=
#   JVM is running with Unscaled Compressed Oops mode in which the Java heap is
#     placed in the first 4GB address space. The Java Heap base address is the
#     maximum limit for the native heap growth. Please use -XX:HeapBaseMinAddress
#     to set the Java Heap base and to place the Java Heap above 4GB virtual address.
# This output file may be truncated or incomplete.
#
#  Out of Memory Error (arena.cpp:168), pid=25756, tid=10220
#
# JRE version: OpenJDK Runtime Environment JBR-21.0.11+1-1163.116-nomod (21.0.11+1) (build 21.0.11+1-b1163.116)
# Java VM: OpenJDK 64-Bit Server VM JBR-21.0.11+1-1163.116-nomod (21.0.11+1-b1163.116, mixed mode, sharing, tiered, compressed oops, compressed class ptrs, g1 gc, windows-amd64)
# No core dump will be written. Minidumps are not enabled by default on client versions of Windows
#

---------------  S U M M A R Y ------------

Command Line: -Djava.awt.headless=true -Djava.library.path=C:\Users\shahe\.jdks\jbr-21.0.11\bin;C:\Windows\Sun\Java\bin;C:\Windows\system32;C:\Windows;C:\Windows\system32;C:\Windows;C:\Windows\System32\Wbem;C:\Windows\System32\WindowsPowerShell\v1.0\;C:\Windows\System32\OpenSSH\;C:\Program Files (x86)\NVIDIA Corporation\PhysX\Common;C:\Program Files\NVIDIA Corporation\NVIDIA NvDLISR;C:\Windows\system32;C:\Windows;C:\Windows\System32\Wbem;C:\Windows\System32\WindowsPowerShell\v1.0\;C:\Windows\System32\OpenSSH\;C:\Program Files\Git\cmd;C:\Program Files\nodejs\;C:\Users\shahe\miniconda3;C:\Users\shahe\miniconda3\Library\mingw-w64\bin;C:\Users\shahe\miniconda3\Library\usr\bin;C:\Users\shahe\miniconda3\Library\bin;C:\Users\shahe\miniconda3\Scripts;C:\Users\shahe\AppData\Local\Microsoft\WindowsApps;C:\Users\shahe\AppData\Local\Microsoft\WinGet\Packages\Gyan.FFmpeg_Microsoft.Winget.Source_8wekyb3d8bbwe\ffmpeg-7.0.2-full_build\bin;C:\Users\shahe\AppData\Local\Programs\Microsoft VS Code\bin;C:\Users\shahe\AppData\Roaming\npm;.;D:\Android Projects\cpl\core\designsystem\src\testDebug\jniLibs;D:\Android Projects\cpl\core\designsystem\src\test\jniLibs -Dorg.gradle.internal.worker.tmpdir=D:\Android Projects\cpl\core\designsystem\build\tmp\testDebugUnitTest\work -Droborazzi.compare.output.dir=D:\Android Projects\cpl\core\designsystem\build\outputs\roborazzi -Droborazzi.output.dir=build\outputs\roborazzi -Droborazzi.project.path=D:\Android Projects\cpl\core\designsystem -Droborazzi.result.dir=build\test-results\roborazzi\debug\results -Droborazzi.test.compare=false -Droborazzi.test.record=false -Droborazzi.test.verify=true --add-opens=java.base/java.io=ALL-UNNAMED -Xmx512m -Dfile.encoding=UTF-8 -Duser.country=US -Duser.language=en -Duser.variant -ea worker.org.gradle.process.internal.worker.GradleWorkerMain 'Gradle Test Executor 57'

Host: AMD Ryzen 7 5800HS with Radeon Graphics         , 16 cores, 7G,  Windows 11 , 64 bit Build 22621 (10.0.22621.4945)
Time: Fri Sep 18 17:51:55 2026 India Standard Time elapsed time: 105.542567 seconds (0d 0h 1m 45s)

---------------  T H R E A D  ---------------

Current thread (0x0000019e28467340):  JavaThread "C2 CompilerThread0" daemon [_thread_in_native, id=10220, stack(0x0000005fe8900000,0x0000005fe8a00000) (1024K)]


Current CompileTask:
C2:105542 8903       4       java.lang.invoke.MethodHandleNatives::linkCallSiteImpl (119 bytes)

Stack: [0x0000005fe8900000,0x0000005fe8a00000]
Native frames: (J=compiled Java code, j=interpreted, Vv=VM code, C=native code)
V  [jvm.dll+0x6ed7f9]
V  [jvm.dll+0x8cbfcb]
V  [jvm.dll+0x8ce76a]
V  [jvm.dll+0x8cee43]
V  [jvm.dll+0x28e496]
V  [jvm.dll+0xc92bd]
V  [jvm.dll+0xc980c]
V  [jvm.dll+0x3ca88c]
V  [jvm.dll+0x396e12]
V  [jvm.dll+0x39626a]
V  [jvm.dll+0x254e30]
V  [jvm.dll+0x254452]
V  [jvm.dll+0x1d37ae]
V  [jvm.dll+0x26423b]
V  [jvm.dll+0x26276e]
V  [jvm.dll+0x405515]
V  [jvm.dll+0x875cad]
V  [jvm.dll+0x6ebf5d]
C  [ucrtbase.dll+0x29333]
C  [KERNEL32.DLL+0x1259d]
C  [ntdll.dll+0x5af38]


---------------  P R O C E S S  ---------------

Threads class SMR info:
_java_thread_list=0x0000019e6fc302f0, length=17, elements={
0x0000019e11643f90, 0x0000019e28450ff0, 0x0000019e28454390, 0x0000019e284552b0,
0x0000019e2845a6f0, 0x0000019e2845b150, 0x0000019e28460250, 0x0000019e28461cc0,
0x0000019e28467340, 0x0000019e2846d800, 0x0000019e287e2300, 0x0000019e6f4f9210,
0x0000019e6f691490, 0x0000019e6f684180, 0x0000019e6fc0a190, 0x0000019e6f834eb0,
0x0000019e76c85ec0
}

Java Threads: ( => current thread )
  0x0000019e11643f90 JavaThread "Test worker"                       [_thread_blocked, id=25844, stack(0x0000005fe7a00000,0x0000005fe7b00000) (1024K)]
  0x0000019e28450ff0 JavaThread "Common-Cleaner"             daemon [_thread_blocked, id=27924, stack(0x0000005fe8200000,0x0000005fe8300000) (1024K)]
  0x0000019e28454390 JavaThread "Reference Handler"          daemon [_thread_blocked, id=22824, stack(0x0000005fe8300000,0x0000005fe8400000) (1024K)]
  0x0000019e284552b0 JavaThread "Finalizer"                  daemon [_thread_blocked, id=26760, stack(0x0000005fe8400000,0x0000005fe8500000) (1024K)]
  0x0000019e2845a6f0 JavaThread "Signal Dispatcher"          daemon [_thread_blocked, id=28060, stack(0x0000005fe8500000,0x0000005fe8600000) (1024K)]
  0x0000019e2845b150 JavaThread "Attach Listener"            daemon [_thread_blocked, id=26196, stack(0x0000005fe8600000,0x0000005fe8700000) (1024K)]
  0x0000019e28460250 JavaThread "Service Thread"             daemon [_thread_blocked, id=26872, stack(0x0000005fe8700000,0x0000005fe8800000) (1024K)]
  0x0000019e28461cc0 JavaThread "Monitor Deflation Thread"   daemon [_thread_blocked, id=16284, stack(0x0000005fe8800000,0x0000005fe8900000) (1024K)]
=>0x0000019e28467340 JavaThread "C2 CompilerThread0"         daemon [_thread_in_native, id=10220, stack(0x0000005fe8900000,0x0000005fe8a00000) (1024K)]
  0x0000019e2846d800 JavaThread "C1 CompilerThread0"         daemon [_thread_blocked, id=1868, stack(0x0000005fe8a00000,0x0000005fe8b00000) (1024K)]
  0x0000019e287e2300 JavaThread "Notification Thread"        daemon [_thread_blocked, id=1528, stack(0x0000005fe8b00000,0x0000005fe8c00000) (1024K)]
  0x0000019e6f4f9210 JavaThread "/127.0.0.1:54409 to /127.0.0.1:54408 workers"        [_thread_blocked, id=25228, stack(0x0000005fe8d00000,0x0000005fe8e00000) (1024K)]
  0x0000019e6f691490 JavaThread "/127.0.0.1:54409 to /127.0.0.1:54408 workers Thread 2"        [_thread_blocked, id=18028, stack(0x0000005fe9600000,0x0000005fe9700000) (1024K)]
  0x0000019e6f684180 JavaThread "/127.0.0.1:54409 to /127.0.0.1:54408 workers Thread 3"        [_thread_in_native, id=18320, stack(0x0000005fe9700000,0x0000005fe9800000) (1024K)]
  0x0000019e6fc0a190 JavaThread "SDK 35 Main Thread @kotlinx.coroutines.test runner#2"        [_thread_in_vm, id=14372, stack(0x0000005fe9800000,0x0000005fe9900000) (1024K)]
  0x0000019e6f834eb0 JavaThread "Cleaner-0"                  daemon [_thread_blocked, id=26660, stack(0x0000005fe9d00000,0x0000005fe9e00000) (1024K)]
  0x0000019e76c85ec0 JavaThread "RenderThread"               daemon [_thread_in_native, id=25788, stack(0x0000005fe7700000,0x0000005fe7800000) (1024K)]
Total: 17

Other Threads:
  0x0000019e28437910 VMThread "VM Thread"                           [id=17648, stack(0x0000005fe8100000,0x0000005fe8200000) (1024K)]
  0x0000019e28423730 WatcherThread "VM Periodic Task Thread"        [id=28468, stack(0x0000005fe8000000,0x0000005fe8100000) (1024K)]
  0x0000019e11677d00 WorkerThread "GC Thread#0"                     [id=25412, stack(0x0000005fe7b00000,0x0000005fe7c00000) (1024K)]
  0x0000019e6f8dfc30 WorkerThread "GC Thread#1"                     [id=11344, stack(0x0000005fe8e00000,0x0000005fe8f00000) (1024K)]
  0x0000019e6f8e4250 WorkerThread "GC Thread#2"                     [id=17124, stack(0x0000005fe8f00000,0x0000005fe9000000) (1024K)]
  0x0000019e6f8e4600 WorkerThread "GC Thread#3"                     [id=23484, stack(0x0000005fe9000000,0x0000005fe9100000) (1024K)]
  0x0000019e6f5e6370 WorkerThread "GC Thread#4"                     [id=10908, stack(0x0000005fe9100000,0x0000005fe9200000) (1024K)]
  0x0000019e6f5b9740 WorkerThread "GC Thread#5"                     [id=14668, stack(0x0000005fe9200000,0x0000005fe9300000) (1024K)]
  0x0000019e6f5bdb00 WorkerThread "GC Thread#6"                     [id=25692, stack(0x0000005fe9300000,0x0000005fe9400000) (1024K)]
  0x0000019e6f5bdeb0 WorkerThread "GC Thread#7"                     [id=27748, stack(0x0000005fe9400000,0x0000005fe9500000) (1024K)]
  0x0000019e6f5be260 WorkerThread "GC Thread#8"                     [id=13708, stack(0x0000005fe9500000,0x0000005fe9600000) (1024K)]
  0x0000019e6fc768b0 WorkerThread "GC Thread#9"                     [id=13396, stack(0x0000005fe9900000,0x0000005fe9a00000) (1024K)]
  0x0000019e6ff09c00 WorkerThread "GC Thread#10"                    [id=22544, stack(0x0000005fe9a00000,0x0000005fe9b00000) (1024K)]
  0x0000019e6fbe87b0 WorkerThread "GC Thread#11"                    [id=26224, stack(0x0000005fe9b00000,0x0000005fe9c00000) (1024K)]
  0x0000019e6feebb60 WorkerThread "GC Thread#12"                    [id=26360, stack(0x0000005fe9c00000,0x0000005fe9d00000) (1024K)]
  0x0000019e11698cd0 ConcurrentGCThread "G1 Main Marker"            [id=28308, stack(0x0000005fe7c00000,0x0000005fe7d00000) (1024K)]
  0x0000019e116997e0 WorkerThread "G1 Conc#0"                       [id=27308, stack(0x0000005fe7d00000,0x0000005fe7e00000) (1024K)]
  0x0000019e6feea540 WorkerThread "G1 Conc#1"                       [id=14624, stack(0x0000005fe9e00000,0x0000005fe9f00000) (1024K)]
  0x0000019e6feeb7b0 WorkerThread "G1 Conc#2"                       [id=17792, stack(0x0000005fe9f00000,0x0000005fea000000) (1024K)]
  0x0000019e282f7c50 ConcurrentGCThread "G1 Refine#0"               [id=25804, stack(0x0000005fe7e00000,0x0000005fe7f00000) (1024K)]
  0x0000019e282f88e0 ConcurrentGCThread "G1 Service"                [id=4188, stack(0x0000005fe7f00000,0x0000005fe8000000) (1024K)]
Total: 21

Threads with active compile tasks:
C2 CompilerThread0  105654 8903       4       java.lang.invoke.MethodHandleNatives::linkCallSiteImpl (119 bytes)
Total: 1

VM state: not at safepoint (normal execution)

VM Mutex/Monitor currently owned by a thread: None

Heap address: 0x00000000e0000000, size: 512 MB, Compressed Oops mode: 32-bit

CDS archive(s) mapped at: [0x0000019e29000000-0x0000019e2ac20000-0x0000019e2ac20000), size 29491200, SharedBaseAddress: 0x0000019e29000000, ArchiveRelocationMode: 1.
Compressed class space mapped at: 0x0000019e2b000000-0x0000019e6b000000, reserved size: 1073741824
Narrow klass base: 0x0000019e29000000, Narrow klass shift: 0, Narrow klass range: 0x100000000

GC Precious Log:
 CardTable entry size: 512
 Card Set container configuration: InlinePtr #cards 5 size 8 Array Of Cards #cards 12 size 40 Howl #buckets 4 coarsen threshold 1843 Howl Bitmap #cards 512 size 80 coarsen threshold 460 Card regions per heap region 1 cards per card region 2048
 CPUs: 16 total, 16 available
 Memory: 7583M
 Large Page Support: Disabled
 NUMA Support: Disabled
 Compressed Oops: Enabled (32-bit)
 Heap Region Size: 1M
 Heap Min Capacity: 8M
 Heap Initial Capacity: 120M
 Heap Max Capacity: 512M
 Pre-touch: Disabled
 Parallel Workers: 13
 Concurrent Workers: 3
 Concurrent Refinement Workers: 13
 Periodic GC: Disabled

Heap:
 garbage-first heap   total 158720K, used 105765K [0x00000000e0000000, 0x0000000100000000)
  region size 1024K, 12 young (12288K), 6 survivors (6144K)
 Metaspace       used 93274K, committed 99968K, reserved 1179648K
  class space    used 10175K, committed 13056K, reserved 1048576K

Heap Regions: E=young(eden), S=young(survivor), O=old, HS=humongous(starts), HC=humongous(continues), CS=collection set, F=free, TAMS=top-at-mark-start, PB=parsable bottom
|   0|0x00000000e0000000, 0x00000000e0100000, 0x00000000e0100000|100%|HS|  |TAMS 0x00000000e0000000| PB 0x00000000e0000000| Complete 
|   1|0x00000000e0100000, 0x00000000e0200000, 0x00000000e0200000|100%|HC|  |TAMS 0x00000000e0100000| PB 0x00000000e0100000| Complete 
|   2|0x00000000e0200000, 0x00000000e0300000, 0x00000000e0300000|100%|HS|  |TAMS 0x00000000e0200000| PB 0x00000000e0200000| Complete 
|   3|0x00000000e0300000, 0x00000000e0400000, 0x00000000e0400000|100%|HS|  |TAMS 0x00000000e0300000| PB 0x00000000e0300000| Complete 
|   4|0x00000000e0400000, 0x00000000e0500000, 0x00000000e0500000|100%|HS|  |TAMS 0x00000000e0400000| PB 0x00000000e0400000| Complete 
|   5|0x00000000e0500000, 0x00000000e0600000, 0x00000000e0600000|100%|HS|  |TAMS 0x00000000e0500000| PB 0x00000000e0500000| Complete 
|   6|0x00000000e0600000, 0x00000000e0700000, 0x00000000e0700000|100%|HS|  |TAMS 0x00000000e0600000| PB 0x00000000e0600000| Complete 
|   7|0x00000000e0700000, 0x00000000e0800000, 0x00000000e0800000|100%|HC|  |TAMS 0x00000000e0700000| PB 0x00000000e0700000| Complete 
|   8|0x00000000e0800000, 0x00000000e0900000, 0x00000000e0900000|100%| O|  |TAMS 0x00000000e0800000| PB 0x00000000e0800000| Untracked 
|   9|0x00000000e0900000, 0x00000000e0a00000, 0x00000000e0a00000|100%| O|  |TAMS 0x00000000e0900000| PB 0x00000000e0900000| Untracked 
|  10|0x00000000e0a00000, 0x00000000e0b00000, 0x00000000e0b00000|100%| O|  |TAMS 0x00000000e0a00000| PB 0x00000000e0a00000| Untracked 
|  11|0x00000000e0b00000, 0x00000000e0c00000, 0x00000000e0c00000|100%| O|  |TAMS 0x00000000e0b00000| PB 0x00000000e0b00000| Untracked 
|  12|0x00000000e0c00000, 0x00000000e0d00000, 0x00000000e0d00000|100%| O|  |TAMS 0x00000000e0c00000| PB 0x00000000e0c00000| Untracked 
|  13|0x00000000e0d00000, 0x00000000e0e00000, 0x00000000e0e00000|100%| O|  |TAMS 0x00000000e0d00000| PB 0x00000000e0d00000| Untracked 
|  14|0x00000000e0e00000, 0x00000000e0f00000, 0x00000000e0f00000|100%| O|  |TAMS 0x00000000e0e00000| PB 0x00000000e0e00000| Untracked 
|  15|0x00000000e0f00000, 0x00000000e1000000, 0x00000000e1000000|100%|HS|  |TAMS 0x00000000e0f00000| PB 0x00000000e0f00000| Complete 
|  16|0x00000000e1000000, 0x00000000e1100000, 0x00000000e1100000|100%|HC|  |TAMS 0x00000000e1000000| PB 0x00000000e1000000| Complete 
|  17|0x00000000e1100000, 0x00000000e1200000, 0x00000000e1200000|100%|HC|  |TAMS 0x00000000e1100000| PB 0x00000000e1100000| Complete 
|  18|0x00000000e1200000, 0x00000000e1300000, 0x00000000e1300000|100%|HC|  |TAMS 0x00000000e1200000| PB 0x00000000e1200000| Complete 
|  19|0x00000000e1300000, 0x00000000e1400000, 0x00000000e1400000|100%|HC|  |TAMS 0x00000000e1300000| PB 0x00000000e1300000| Complete 
|  20|0x00000000e1400000, 0x00000000e1500000, 0x00000000e1500000|100%|HC|  |TAMS 0x00000000e1400000| PB 0x00000000e1400000| Complete 
|  21|0x00000000e1500000, 0x00000000e1600000, 0x00000000e1600000|100%|HC|  |TAMS 0x00000000e1500000| PB 0x00000000e1500000| Complete 
|  22|0x00000000e1600000, 0x00000000e1700000, 0x00000000e1700000|100%| O|  |TAMS 0x00000000e1600000| PB 0x00000000e1600000| Untracked 
|  23|0x00000000e1700000, 0x00000000e1800000, 0x00000000e1800000|100%| O|  |TAMS 0x00000000e1700000| PB 0x00000000e1700000| Untracked 
|  24|0x00000000e1800000, 0x00000000e1900000, 0x00000000e1900000|100%| O|  |TAMS 0x00000000e1800000| PB 0x00000000e1800000| Untracked 
|  25|0x00000000e1900000, 0x00000000e1a00000, 0x00000000e1a00000|100%| O|  |TAMS 0x00000000e1900000| PB 0x00000000e1900000| Untracked 
|  26|0x00000000e1a00000, 0x00000000e1b00000, 0x00000000e1b00000|100%| O|  |TAMS 0x00000000e1a00000| PB 0x00000000e1a00000| Untracked 
|  27|0x00000000e1b00000, 0x00000000e1c00000, 0x00000000e1c00000|100%| O|  |TAMS 0x00000000e1b00000| PB 0x00000000e1b00000| Untracked 
|  28|0x00000000e1c00000, 0x00000000e1d00000, 0x00000000e1d00000|100%| O|  |TAMS 0x00000000e1c00000| PB 0x00000000e1c00000| Untracked 
|  29|0x00000000e1d00000, 0x00000000e1e00000, 0x00000000e1e00000|100%| O|  |TAMS 0x00000000e1d00000| PB 0x00000000e1d00000| Untracked 
|  30|0x00000000e1e00000, 0x00000000e1f00000, 0x00000000e1f00000|100%| O|  |TAMS 0x00000000e1e00000| PB 0x00000000e1e00000| Untracked 
|  31|0x00000000e1f00000, 0x00000000e2000000, 0x00000000e2000000|100%| O|  |TAMS 0x00000000e1f00000| PB 0x00000000e1f00000| Untracked 
|  32|0x00000000e2000000, 0x00000000e2100000, 0x00000000e2100000|100%| O|  |TAMS 0x00000000e2000000| PB 0x00000000e2000000| Untracked 
|  33|0x00000000e2100000, 0x00000000e2200000, 0x00000000e2200000|100%| O|  |TAMS 0x00000000e2100000| PB 0x00000000e2100000| Untracked 
|  34|0x00000000e2200000, 0x00000000e2300000, 0x00000000e2300000|100%| O|  |TAMS 0x00000000e2200000| PB 0x00000000e2200000| Untracked 
|  35|0x00000000e2300000, 0x00000000e2400000, 0x00000000e2400000|100%| O|  |TAMS 0x00000000e2300000| PB 0x00000000e2300000| Untracked 
|  36|0x00000000e2400000, 0x00000000e2500000, 0x00000000e2500000|100%| O|  |TAMS 0x00000000e2400000| PB 0x00000000e2400000| Untracked 
|  37|0x00000000e2500000, 0x00000000e2600000, 0x00000000e2600000|100%| O|  |TAMS 0x00000000e2500000| PB 0x00000000e2500000| Untracked 
|  38|0x00000000e2600000, 0x00000000e2700000, 0x00000000e2700000|100%| O|  |TAMS 0x00000000e2600000| PB 0x00000000e2600000| Untracked 
|  39|0x00000000e2700000, 0x00000000e2800000, 0x00000000e2800000|100%| O|  |TAMS 0x00000000e2700000| PB 0x00000000e2700000| Untracked 
|  40|0x00000000e2800000, 0x00000000e2900000, 0x00000000e2900000|100%| O|  |TAMS 0x00000000e2800000| PB 0x00000000e2800000| Untracked 
|  41|0x00000000e2900000, 0x00000000e2a00000, 0x00000000e2a00000|100%| O|  |TAMS 0x00000000e2900000| PB 0x00000000e2900000| Untracked 
|  42|0x00000000e2a00000, 0x00000000e2b00000, 0x00000000e2b00000|100%| O|  |TAMS 0x00000000e2a00000| PB 0x00000000e2a00000| Untracked 
|  43|0x00000000e2b00000, 0x00000000e2c00000, 0x00000000e2c00000|100%| O|  |TAMS 0x00000000e2b00000| PB 0x00000000e2b00000| Untracked 
|  44|0x00000000e2c00000, 0x00000000e2d00000, 0x00000000e2d00000|100%| O|  |TAMS 0x00000000e2c00000| PB 0x00000000e2c00000| Untracked 
|  45|0x00000000e2d00000, 0x00000000e2e00000, 0x00000000e2e00000|100%| O|  |TAMS 0x00000000e2d00000| PB 0x00000000e2d00000| Untracked 
|  46|0x00000000e2e00000, 0x00000000e2f00000, 0x00000000e2f00000|100%| O|  |TAMS 0x00000000e2e00000| PB 0x00000000e2e00000| Untracked 
|  47|0x00000000e2f00000, 0x00000000e3000000, 0x00000000e3000000|100%| O|  |TAMS 0x00000000e2f00000| PB 0x00000000e2f00000| Untracked 
|  48|0x00000000e3000000, 0x00000000e3100000, 0x00000000e3100000|100%| O|  |TAMS 0x00000000e3000000| PB 0x00000000e3000000| Untracked 
|  49|0x00000000e3100000, 0x00000000e3200000, 0x00000000e3200000|100%|HS|  |TAMS 0x00000000e3100000| PB 0x00000000e3100000| Complete 
|  50|0x00000000e3200000, 0x00000000e3300000, 0x00000000e3300000|100%|HS|  |TAMS 0x00000000e3200000| PB 0x00000000e3200000| Complete 
|  51|0x00000000e3300000, 0x00000000e3400000, 0x00000000e3400000|100%|HC|  |TAMS 0x00000000e3300000| PB 0x00000000e3300000| Complete 
|  52|0x00000000e3400000, 0x00000000e3500000, 0x00000000e3500000|100%|HC|  |TAMS 0x00000000e3400000| PB 0x00000000e3400000| Complete 
|  53|0x00000000e3500000, 0x00000000e3600000, 0x00000000e3600000|100%|HC|  |TAMS 0x00000000e3500000| PB 0x00000000e3500000| Complete 
|  54|0x00000000e3600000, 0x00000000e3700000, 0x00000000e3700000|100%|HC|  |TAMS 0x00000000e3600000| PB 0x00000000e3600000| Complete 
|  55|0x00000000e3700000, 0x00000000e3800000, 0x00000000e3800000|100%|HC|  |TAMS 0x00000000e3700000| PB 0x00000000e3700000| Complete 
|  56|0x00000000e3800000, 0x00000000e3900000, 0x00000000e3900000|100%|HC|  |TAMS 0x00000000e3800000| PB 0x00000000e3800000| Complete 
|  57|0x00000000e3900000, 0x00000000e3a00000, 0x00000000e3a00000|100%|HC|  |TAMS 0x00000000e3900000| PB 0x00000000e3900000| Complete 
|  58|0x00000000e3a00000, 0x00000000e3b00000, 0x00000000e3b00000|100%|HC|  |TAMS 0x00000000e3a00000| PB 0x00000000e3a00000| Complete 
|  59|0x00000000e3b00000, 0x00000000e3c00000, 0x00000000e3c00000|100%|HC|  |TAMS 0x00000000e3b00000| PB 0x00000000e3b00000| Complete 
|  60|0x00000000e3c00000, 0x00000000e3d00000, 0x00000000e3d00000|100%|HC|  |TAMS 0x00000000e3c00000| PB 0x00000000e3c00000| Complete 
|  61|0x00000000e3d00000, 0x00000000e3e00000, 0x00000000e3e00000|100%|HC|  |TAMS 0x00000000e3d00000| PB 0x00000000e3d00000| Complete 
|  62|0x00000000e3e00000, 0x00000000e3f00000, 0x00000000e3f00000|100%|HC|  |TAMS 0x00000000e3e00000| PB 0x00000000e3e00000| Complete 
|  63|0x00000000e3f00000, 0x00000000e4000000, 0x00000000e4000000|100%|HC|  |TAMS 0x00000000e3f00000| PB 0x00000000e3f00000| Complete 
|  64|0x00000000e4000000, 0x00000000e4100000, 0x00000000e4100000|100%|HC|  |TAMS 0x00000000e4000000| PB 0x00000000e4000000| Complete 
|  65|0x00000000e4100000, 0x00000000e4200000, 0x00000000e4200000|100%|HC|  |TAMS 0x00000000e4100000| PB 0x00000000e4100000| Complete 
|  66|0x00000000e4200000, 0x00000000e4300000, 0x00000000e4300000|100%|HS|  |TAMS 0x00000000e4200000| PB 0x00000000e4200000| Complete 
|  67|0x00000000e4300000, 0x00000000e4400000, 0x00000000e4400000|100%| O|  |TAMS 0x00000000e4300000| PB 0x00000000e4300000| Untracked 
|  68|0x00000000e4400000, 0x00000000e4500000, 0x00000000e4500000|100%| O|  |TAMS 0x00000000e4400000| PB 0x00000000e4400000| Untracked 
|  69|0x00000000e4500000, 0x00000000e4600000, 0x00000000e4600000|100%| O|  |TAMS 0x00000000e4500000| PB 0x00000000e4500000| Untracked 
|  70|0x00000000e4600000, 0x00000000e4700000, 0x00000000e4700000|100%| O|  |TAMS 0x00000000e4600000| PB 0x00000000e4600000| Untracked 
|  71|0x00000000e4700000, 0x00000000e4800000, 0x00000000e4800000|100%| O|  |TAMS 0x00000000e4700000| PB 0x00000000e4700000| Untracked 
|  72|0x00000000e4800000, 0x00000000e4900000, 0x00000000e4900000|100%| O|  |TAMS 0x00000000e4800000| PB 0x00000000e4800000| Untracked 
|  73|0x00000000e4900000, 0x00000000e4a00000, 0x00000000e4a00000|100%| O|  |TAMS 0x00000000e4900000| PB 0x00000000e4900000| Untracked 
|  74|0x00000000e4a00000, 0x00000000e4b00000, 0x00000000e4b00000|100%| O|  |TAMS 0x00000000e4a00000| PB 0x00000000e4a00000| Untracked 
|  75|0x00000000e4b00000, 0x00000000e4c00000, 0x00000000e4c00000|100%| O|  |TAMS 0x00000000e4b00000| PB 0x00000000e4b00000| Untracked 
|  76|0x00000000e4c00000, 0x00000000e4d00000, 0x00000000e4d00000|100%| O|  |TAMS 0x00000000e4c00000| PB 0x00000000e4c00000| Untracked 
|  77|0x00000000e4d00000, 0x00000000e4e00000, 0x00000000e4e00000|100%| O|  |TAMS 0x00000000e4d00000| PB 0x00000000e4d00000| Untracked 
|  78|0x00000000e4e00000, 0x00000000e4f00000, 0x00000000e4f00000|100%| O|  |TAMS 0x00000000e4e00000| PB 0x00000000e4e00000| Untracked 
|  79|0x00000000e4f00000, 0x00000000e5000000, 0x00000000e5000000|100%| O|Cm|TAMS 0x00000000e4f00000| PB 0x00000000e4f00000| Complete 
|  80|0x00000000e5000000, 0x00000000e5100000, 0x00000000e5100000|100%| O|  |TAMS 0x00000000e5000000| PB 0x00000000e5000000| Untracked 
|  81|0x00000000e5100000, 0x00000000e5200000, 0x00000000e5200000|100%| O|  |TAMS 0x00000000e5100000| PB 0x00000000e5100000| Untracked 
|  82|0x00000000e5200000, 0x00000000e5300000, 0x00000000e5300000|100%| O|  |TAMS 0x00000000e5200000| PB 0x00000000e5200000| Untracked 
|  83|0x00000000e5300000, 0x00000000e5400000, 0x00000000e5400000|100%| O|  |TAMS 0x00000000e5300000| PB 0x00000000e5300000| Untracked 
|  84|0x00000000e5400000, 0x00000000e5500000, 0x00000000e5500000|100%| O|  |TAMS 0x00000000e5400000| PB 0x00000000e5400000| Untracked 
|  85|0x00000000e5500000, 0x00000000e5600000, 0x00000000e5600000|100%| O|  |TAMS 0x00000000e5500000| PB 0x00000000e5500000| Untracked 
|  86|0x00000000e5600000, 0x00000000e5700000, 0x00000000e5700000|100%| O|  |TAMS 0x00000000e5600000| PB 0x00000000e5600000| Untracked 
|  87|0x00000000e5700000, 0x00000000e5800000, 0x00000000e5800000|100%| O|  |TAMS 0x00000000e5700000| PB 0x00000000e5700000| Untracked 
|  88|0x00000000e5800000, 0x00000000e5900000, 0x00000000e5900000|100%|HS|  |TAMS 0x00000000e5800000| PB 0x00000000e5800000| Complete 
|  89|0x00000000e5900000, 0x00000000e59496c8, 0x00000000e5a00000| 28%| O|  |TAMS 0x00000000e5900000| PB 0x00000000e5900000| Untracked 
|  90|0x00000000e5a00000, 0x00000000e5b00000, 0x00000000e5b00000|100%|HS|  |TAMS 0x00000000e5a00000| PB 0x00000000e5a00000| Complete 
|  91|0x00000000e5b00000, 0x00000000e5c00000, 0x00000000e5c00000|100%|HC|  |TAMS 0x00000000e5b00000| PB 0x00000000e5b00000| Complete 
|  92|0x00000000e5c00000, 0x00000000e5c00000, 0x00000000e5d00000|  0%| F|  |TAMS 0x00000000e5c00000| PB 0x00000000e5c00000| Untracked 
|  93|0x00000000e5d00000, 0x00000000e5d00000, 0x00000000e5e00000|  0%| F|  |TAMS 0x00000000e5d00000| PB 0x00000000e5d00000| Untracked 
|  94|0x00000000e5e00000, 0x00000000e5e00000, 0x00000000e5f00000|  0%| F|  |TAMS 0x00000000e5e00000| PB 0x00000000e5e00000| Untracked 
|  95|0x00000000e5f00000, 0x00000000e5f00000, 0x00000000e6000000|  0%| F|  |TAMS 0x00000000e5f00000| PB 0x00000000e5f00000| Untracked 
|  96|0x00000000e6000000, 0x00000000e6000000, 0x00000000e6100000|  0%| F|  |TAMS 0x00000000e6000000| PB 0x00000000e6000000| Untracked 
|  97|0x00000000e6100000, 0x00000000e6100000, 0x00000000e6200000|  0%| F|  |TAMS 0x00000000e6100000| PB 0x00000000e6100000| Untracked 
|  98|0x00000000e6200000, 0x00000000e6200000, 0x00000000e6300000|  0%| F|  |TAMS 0x00000000e6200000| PB 0x00000000e6200000| Untracked 
|  99|0x00000000e6300000, 0x00000000e6300000, 0x00000000e6400000|  0%| F|  |TAMS 0x00000000e6300000| PB 0x00000000e6300000| Untracked 
| 100|0x00000000e6400000, 0x00000000e6400000, 0x00000000e6500000|  0%| F|  |TAMS 0x00000000e6400000| PB 0x00000000e6400000| Untracked 
| 101|0x00000000e6500000, 0x00000000e6600000, 0x00000000e6600000|100%| S|CS|TAMS 0x00000000e6500000| PB 0x00000000e6500000| Complete 
| 102|0x00000000e6600000, 0x00000000e6700000, 0x00000000e6700000|100%| S|CS|TAMS 0x00000000e6600000| PB 0x00000000e6600000| Complete 
| 103|0x00000000e6700000, 0x00000000e6700000, 0x00000000e6800000|  0%| F|  |TAMS 0x00000000e6700000| PB 0x00000000e6700000| Untracked 
| 104|0x00000000e6800000, 0x00000000e6800000, 0x00000000e6900000|  0%| F|  |TAMS 0x00000000e6800000| PB 0x00000000e6800000| Untracked 
| 105|0x00000000e6900000, 0x00000000e6900000, 0x00000000e6a00000|  0%| F|  |TAMS 0x00000000e6900000| PB 0x00000000e6900000| Untracked 
| 106|0x00000000e6a00000, 0x00000000e6b00000, 0x00000000e6b00000|100%| S|CS|TAMS 0x00000000e6a00000| PB 0x00000000e6a00000| Complete 
| 107|0x00000000e6b00000, 0x00000000e6c00000, 0x00000000e6c00000|100%| S|CS|TAMS 0x00000000e6b00000| PB 0x00000000e6b00000| Complete 
| 108|0x00000000e6c00000, 0x00000000e6d00000, 0x00000000e6d00000|100%| S|CS|TAMS 0x00000000e6c00000| PB 0x00000000e6c00000| Complete 
| 109|0x00000000e6d00000, 0x00000000e6e00000, 0x00000000e6e00000|100%| S|CS|TAMS 0x00000000e6d00000| PB 0x00000000e6d00000| Complete 
| 110|0x00000000e6e00000, 0x00000000e6e00000, 0x00000000e6f00000|  0%| F|  |TAMS 0x00000000e6e00000| PB 0x00000000e6e00000| Untracked 
| 111|0x00000000e6f00000, 0x00000000e6f00000, 0x00000000e7000000|  0%| F|  |TAMS 0x00000000e6f00000| PB 0x00000000e6f00000| Untracked 
| 112|0x00000000e7000000, 0x00000000e7000000, 0x00000000e7100000|  0%| F|  |TAMS 0x00000000e7000000| PB 0x00000000e7000000| Untracked 
| 113|0x00000000e7100000, 0x00000000e7100000, 0x00000000e7200000|  0%| F|  |TAMS 0x00000000e7100000| PB 0x00000000e7100000| Untracked 
| 114|0x00000000e7200000, 0x00000000e7200000, 0x00000000e7300000|  0%| F|  |TAMS 0x00000000e7200000| PB 0x00000000e7200000| Untracked 
| 115|0x00000000e7300000, 0x00000000e7300000, 0x00000000e7400000|  0%| F|  |TAMS 0x00000000e7300000| PB 0x00000000e7300000| Untracked 
| 116|0x00000000e7400000, 0x00000000e7400000, 0x00000000e7500000|  0%| F|  |TAMS 0x00000000e7400000| PB 0x00000000e7400000| Untracked 
| 117|0x00000000e7500000, 0x00000000e7500000, 0x00000000e7600000|  0%| F|  |TAMS 0x00000000e7500000| PB 0x00000000e7500000| Untracked 
| 118|0x00000000e7600000, 0x00000000e7600000, 0x00000000e7700000|  0%| F|  |TAMS 0x00000000e7600000| PB 0x00000000e7600000| Untracked 
| 119|0x00000000e7700000, 0x00000000e7700000, 0x00000000e7800000|  0%| F|  |TAMS 0x00000000e7700000| PB 0x00000000e7700000| Untracked 
| 120|0x00000000e7800000, 0x00000000e7800000, 0x00000000e7900000|  0%| F|  |TAMS 0x00000000e7800000| PB 0x00000000e7800000| Untracked 
| 121|0x00000000e7900000, 0x00000000e7900000, 0x00000000e7a00000|  0%| F|  |TAMS 0x00000000e7900000| PB 0x00000000e7900000| Untracked 
| 122|0x00000000e7a00000, 0x00000000e7a00000, 0x00000000e7b00000|  0%| F|  |TAMS 0x00000000e7a00000| PB 0x00000000e7a00000| Untracked 
| 123|0x00000000e7b00000, 0x00000000e7b00000, 0x00000000e7c00000|  0%| F|  |TAMS 0x00000000e7b00000| PB 0x00000000e7b00000| Untracked 
| 124|0x00000000e7c00000, 0x00000000e7c00000, 0x00000000e7d00000|  0%| F|  |TAMS 0x00000000e7c00000| PB 0x00000000e7c00000| Untracked 
| 125|0x00000000e7d00000, 0x00000000e7d00000, 0x00000000e7e00000|  0%| F|  |TAMS 0x00000000e7d00000| PB 0x00000000e7d00000| Untracked 
| 126|0x00000000e7e00000, 0x00000000e7e00000, 0x00000000e7f00000|  0%| F|  |TAMS 0x00000000e7e00000| PB 0x00000000e7e00000| Untracked 
| 127|0x00000000e7f00000, 0x00000000e7f00000, 0x00000000e8000000|  0%| F|  |TAMS 0x00000000e7f00000| PB 0x00000000e7f00000| Untracked 
| 128|0x00000000e8000000, 0x00000000e8000000, 0x00000000e8100000|  0%| F|  |TAMS 0x00000000e8000000| PB 0x00000000e8000000| Untracked 
| 129|0x00000000e8100000, 0x00000000e8100000, 0x00000000e8200000|  0%| F|  |TAMS 0x00000000e8100000| PB 0x00000000e8100000| Untracked 
| 130|0x00000000e8200000, 0x00000000e8200000, 0x00000000e8300000|  0%| F|  |TAMS 0x00000000e8200000| PB 0x00000000e8200000| Untracked 
| 131|0x00000000e8300000, 0x00000000e8300000, 0x00000000e8400000|  0%| F|  |TAMS 0x00000000e8300000| PB 0x00000000e8300000| Untracked 
| 132|0x00000000e8400000, 0x00000000e8400000, 0x00000000e8500000|  0%| F|  |TAMS 0x00000000e8400000| PB 0x00000000e8400000| Untracked 
| 133|0x00000000e8500000, 0x00000000e8500000, 0x00000000e8600000|  0%| F|  |TAMS 0x00000000e8500000| PB 0x00000000e8500000| Untracked 
| 134|0x00000000e8600000, 0x00000000e8600000, 0x00000000e8700000|  0%| F|  |TAMS 0x00000000e8600000| PB 0x00000000e8600000| Untracked 
| 135|0x00000000e8700000, 0x00000000e8700000, 0x00000000e8800000|  0%| F|  |TAMS 0x00000000e8700000| PB 0x00000000e8700000| Untracked 
| 136|0x00000000e8800000, 0x00000000e8800000, 0x00000000e8900000|  0%| F|  |TAMS 0x00000000e8800000| PB 0x00000000e8800000| Untracked 
| 137|0x00000000e8900000, 0x00000000e8900000, 0x00000000e8a00000|  0%| F|  |TAMS 0x00000000e8900000| PB 0x00000000e8900000| Untracked 
| 138|0x00000000e8a00000, 0x00000000e8a00000, 0x00000000e8b00000|  0%| F|  |TAMS 0x00000000e8a00000| PB 0x00000000e8a00000| Untracked 
| 139|0x00000000e8b00000, 0x00000000e8b00000, 0x00000000e8c00000|  0%| F|  |TAMS 0x00000000e8b00000| PB 0x00000000e8b00000| Untracked 
| 140|0x00000000e8c00000, 0x00000000e8c00000, 0x00000000e8d00000|  0%| F|  |TAMS 0x00000000e8c00000| PB 0x00000000e8c00000| Untracked 
| 141|0x00000000e8d00000, 0x00000000e8d00000, 0x00000000e8e00000|  0%| F|  |TAMS 0x00000000e8d00000| PB 0x00000000e8d00000| Untracked 
| 142|0x00000000e8e00000, 0x00000000e8e00000, 0x00000000e8f00000|  0%| F|  |TAMS 0x00000000e8e00000| PB 0x00000000e8e00000| Untracked 
| 143|0x00000000e8f00000, 0x00000000e8f00000, 0x00000000e9000000|  0%| F|  |TAMS 0x00000000e8f00000| PB 0x00000000e8f00000| Untracked 
| 144|0x00000000e9000000, 0x00000000e9000000, 0x00000000e9100000|  0%| F|  |TAMS 0x00000000e9000000| PB 0x00000000e9000000| Untracked 
| 145|0x00000000e9100000, 0x00000000e9100000, 0x00000000e9200000|  0%| F|  |TAMS 0x00000000e9100000| PB 0x00000000e9100000| Untracked 
| 146|0x00000000e9200000, 0x00000000e9200000, 0x00000000e9300000|  0%| F|  |TAMS 0x00000000e9200000| PB 0x00000000e9200000| Untracked 
| 147|0x00000000e9300000, 0x00000000e9300000, 0x00000000e9400000|  0%| F|  |TAMS 0x00000000e9300000| PB 0x00000000e9300000| Untracked 
| 148|0x00000000e9400000, 0x00000000e9500000, 0x00000000e9500000|100%| E|  |TAMS 0x00000000e9400000| PB 0x00000000e9400000| Complete 
| 149|0x00000000e9500000, 0x00000000e9600000, 0x00000000e9600000|100%| E|CS|TAMS 0x00000000e9500000| PB 0x00000000e9500000| Complete 
| 150|0x00000000e9600000, 0x00000000e9700000, 0x00000000e9700000|100%| E|CS|TAMS 0x00000000e9600000| PB 0x00000000e9600000| Complete 
| 151|0x00000000e9700000, 0x00000000e9800000, 0x00000000e9800000|100%| E|CS|TAMS 0x00000000e9700000| PB 0x00000000e9700000| Complete 
| 152|0x00000000e9800000, 0x00000000e9900000, 0x00000000e9900000|100%| E|CS|TAMS 0x00000000e9800000| PB 0x00000000e9800000| Complete 
| 153|0x00000000e9900000, 0x00000000e9a00000, 0x00000000e9a00000|100%| E|CS|TAMS 0x00000000e9900000| PB 0x00000000e9900000| Complete 
| 511|0x00000000fff00000, 0x0000000100000000, 0x0000000100000000|100%| O|  |TAMS 0x00000000fff00000| PB 0x00000000fff00000| Untracked 

Card table byte_map: [0x0000019e24bc0000,0x0000019e24cc0000] _byte_map_base: 0x0000019e244c0000

Marking Bits: (CMBitMap*) 0x0000019e11678410
 Bits: [0x0000019e24cc0000, 0x0000019e254c0000)

Polling page: 0x0000019e0f480000

Metaspace:

Usage:
  Non-class:     81.17 MB used.
      Class:      9.94 MB used.
       Both:     91.11 MB used.

Virtual space:
  Non-class space:      128.00 MB reserved,      84.94 MB ( 66%) committed,  2 nodes.
      Class space:        1.00 GB reserved,      12.75 MB (  1%) committed,  1 nodes.
             Both:        1.12 GB reserved,      97.69 MB (  8%) committed. 

Chunk freelists:
   Non-Class:  10.94 MB
       Class:  3.27 MB
        Both:  14.21 MB

MaxMetaspaceSize: unlimited
CompressedClassSpaceSize: 1.00 GB
Initial GC threshold: 21.00 MB
Current GC threshold: 149.19 MB
CDS: on
 - commit_granule_bytes: 65536.
 - commit_granule_words: 8192.
 - virtual_space_node_default_size: 8388608.
 - enlarge_chunks_in_place: 1.
 - use_allocation_guard: 0.


Internal statistics:

num_allocs_failed_limit: 12.
num_arena_births: 12484.
num_arena_deaths: 0.
num_vsnodes_births: 3.
num_vsnodes_deaths: 0.
num_space_committed: 1557.
num_space_uncommitted: 0.
num_chunks_returned_to_freelist: 12.
num_chunks_taken_from_freelist: 16809.
num_chunk_merges: 12.
num_chunk_splits: 11622.
num_chunks_enlarged: 7054.
num_inconsistent_stats: 0.

CodeHeap 'non-profiled nmethods': size=119168Kb used=5888Kb max_used=5888Kb free=113279Kb
 bounds [0x0000019e1cde0000, 0x0000019e1d3b0000, 0x0000019e24240000]
CodeHeap 'profiled nmethods': size=119104Kb used=12075Kb max_used=12753Kb free=107029Kb
 bounds [0x0000019e15240000, 0x0000019e15ec0000, 0x0000019e1c690000]
CodeHeap 'non-nmethods': size=7488Kb used=3616Kb max_used=3617Kb free=3871Kb
 bounds [0x0000019e1c690000, 0x0000019e1ca20000, 0x0000019e1cde0000]
CodeCache: size=245760Kb, used=21579Kb, max_used=22258Kb, free=224179Kb
 total_blobs=10335, nmethods=7743, adapters=2495, full_count=0
Compilation: enabled, stopped_count=0, restarted_count=0

Compilation events (20 events):
Event: 104.524 Thread 0x0000019e2846d800 nmethod 8895 0x0000019e1540de90 code [0x0000019e1540e020, 0x0000019e1540e120]
Event: 104.524 Thread 0x0000019e2846d800 8896       3       androidx.compose.ui.geometry.Size::constructor-impl (2 bytes)
Event: 104.524 Thread 0x0000019e2846d800 nmethod 8896 0x0000019e15747c90 code [0x0000019e15747e20, 0x0000019e15747f10]
Event: 104.524 Thread 0x0000019e2846d800 8897       1       androidx.compose.ui.graphics.drawscope.CanvasDrawScope$DrawParams::setCanvas (6 bytes)
Event: 104.524 Thread 0x0000019e2846d800 nmethod 8897 0x0000019e1d391f10 code [0x0000019e1d3920a0, 0x0000019e1d3921b0]
Event: 104.527 Thread 0x0000019e2846d800 8898       1       androidx.compose.ui.graphics.drawscope.CanvasDrawScope$drawContext$1::setGraphicsLayer (6 bytes)
Event: 104.527 Thread 0x0000019e2846d800 nmethod 8898 0x0000019e1d392210 code [0x0000019e1d3923a0, 0x0000019e1d3924b0]
Event: 104.528 Thread 0x0000019e2846d800 8899       1       androidx.compose.ui.graphics.drawscope.CanvasDrawScope$DrawParams::setSize-uvyYCjk (6 bytes)
Event: 104.528 Thread 0x0000019e2846d800 nmethod 8899 0x0000019e1d392510 code [0x0000019e1d3926a0, 0x0000019e1d392768]
Event: 104.529 Thread 0x0000019e28467340 8900       4       java.util.regex.Pattern::curly (66 bytes)
Event: 104.536 Thread 0x0000019e28467340 nmethod 8900 0x0000019e1d392810 code [0x0000019e1d3929e0, 0x0000019e1d392e68]
Event: 105.002 Thread 0x0000019e28467340 8902       4       java.lang.invoke.MethodHandleNatives::linkCallSite (65 bytes)
Event: 105.244 Thread 0x0000019e2846d800 8930       1       androidx.compose.ui.semantics.SemanticsConfiguration::isMergingSemanticsOfDescendants (5 bytes)
Event: 105.244 Thread 0x0000019e2846d800 nmethod 8930 0x0000019e1d397690 code [0x0000019e1d397820, 0x0000019e1d3978f0]
Event: 105.451 Thread 0x0000019e28467340 nmethod 8902 0x0000019e1d397990 code [0x0000019e1d398000, 0x0000019e1d39c398]
Event: 105.452 Thread 0x0000019e28467340 8903       4       java.lang.invoke.MethodHandleNatives::linkCallSiteImpl (119 bytes)
Event: 105.500 Thread 0x0000019e2846d800 8931       3       java.util.concurrent.ConcurrentHashMap::sumCount (60 bytes)
Event: 105.501 Thread 0x0000019e2846d800 nmethod 8931 0x0000019e15767d10 code [0x0000019e15767ec0, 0x0000019e15768108]
Event: 105.514 Thread 0x0000019e2846d800 8932       3       java.lang.Integer::getChars (121 bytes)
Event: 105.515 Thread 0x0000019e2846d800 nmethod 8932 0x0000019e15767490 code [0x0000019e15767660, 0x0000019e15767a88]

GC Heap History (20 events):
Event: 85.623 GC heap before
{Heap before GC invocations=11 (full 0):
 garbage-first heap   total 122880K, used 121268K [0x00000000e0000000, 0x0000000100000000)
  region size 1024K, 53 young (54272K), 4 survivors (4096K)
 Metaspace       used 44269K, committed 46464K, reserved 1114112K
  class space    used 4261K, committed 5248K, reserved 1048576K
}
Event: 85.634 GC heap after
{Heap after GC invocations=12 (full 0):
 garbage-first heap   total 132096K, used 70340K [0x00000000e0000000, 0x0000000100000000)
  region size 1024K, 8 young (8192K), 8 survivors (8192K)
 Metaspace       used 44269K, committed 46464K, reserved 1114112K
  class space    used 4261K, committed 5248K, reserved 1048576K
}
Event: 92.728 GC heap before
{Heap before GC invocations=12 (full 0):
 garbage-first heap   total 132096K, used 116420K [0x00000000e0000000, 0x0000000100000000)
  region size 1024K, 53 young (54272K), 8 survivors (8192K)
 Metaspace       used 51588K, committed 54784K, reserved 1114112K
  class space    used 5165K, committed 6592K, reserved 1048576K
}
Event: 92.749 GC heap after
{Heap after GC invocations=13 (full 0):
 garbage-first heap   total 133120K, used 77679K [0x00000000e0000000, 0x0000000100000000)
  region size 1024K, 7 young (7168K), 7 survivors (7168K)
 Metaspace       used 51588K, committed 54784K, reserved 1114112K
  class space    used 5165K, committed 6592K, reserved 1048576K
}
Event: 93.231 GC heap before
{Heap before GC invocations=13 (full 0):
 garbage-first heap   total 133120K, used 92015K [0x00000000e0000000, 0x0000000100000000)
  region size 1024K, 22 young (22528K), 7 survivors (7168K)
 Metaspace       used 53403K, committed 56576K, reserved 1114112K
  class space    used 5370K, committed 6784K, reserved 1048576K
}
Event: 93.240 GC heap after
{Heap after GC invocations=14 (full 0):
 garbage-first heap   total 133120K, used 77998K [0x00000000e0000000, 0x0000000100000000)
  region size 1024K, 2 young (2048K), 2 survivors (2048K)
 Metaspace       used 53403K, committed 56576K, reserved 1114112K
  class space    used 5370K, committed 6784K, reserved 1048576K
}
Event: 95.131 GC heap before
{Heap before GC invocations=15 (full 0):
 garbage-first heap   total 133120K, used 119982K [0x00000000e0000000, 0x0000000100000000)
  region size 1024K, 42 young (43008K), 2 survivors (2048K)
 Metaspace       used 60031K, committed 63424K, reserved 1114112K
  class space    used 5940K, committed 7424K, reserved 1048576K
}
Event: 95.137 GC heap after
{Heap after GC invocations=16 (full 0):
 garbage-first heap   total 133120K, used 79244K [0x00000000e0000000, 0x0000000100000000)
  region size 1024K, 3 young (3072K), 3 survivors (3072K)
 Metaspace       used 60031K, committed 63424K, reserved 1114112K
  class space    used 5940K, committed 7424K, reserved 1048576K
}
Event: 96.517 GC heap before
{Heap before GC invocations=16 (full 0):
 garbage-first heap   total 133120K, used 122252K [0x00000000e0000000, 0x0000000100000000)
  region size 1024K, 44 young (45056K), 3 survivors (3072K)
 Metaspace       used 66769K, committed 70848K, reserved 1114112K
  class space    used 6701K, committed 8512K, reserved 1048576K
}
Event: 96.527 GC heap after
{Heap after GC invocations=17 (full 0):
 garbage-first heap   total 133120K, used 84043K [0x00000000e0000000, 0x0000000100000000)
  region size 1024K, 6 young (6144K), 6 survivors (6144K)
 Metaspace       used 66769K, committed 70848K, reserved 1114112K
  class space    used 6701K, committed 8512K, reserved 1048576K
}
Event: 97.479 GC heap before
{Heap before GC invocations=17 (full 0):
 garbage-first heap   total 133120K, used 120907K [0x00000000e0000000, 0x0000000100000000)
  region size 1024K, 42 young (43008K), 6 survivors (6144K)
 Metaspace       used 72226K, committed 76864K, reserved 1179648K
  class space    used 7372K, committed 9408K, reserved 1048576K
}
Event: 97.490 GC heap after
{Heap after GC invocations=18 (full 0):
 garbage-first heap   total 133120K, used 88466K [0x00000000e0000000, 0x0000000100000000)
  region size 1024K, 4 young (4096K), 4 survivors (4096K)
 Metaspace       used 72226K, committed 76864K, reserved 1179648K
  class space    used 7372K, committed 9408K, reserved 1048576K
}
Event: 98.148 GC heap before
{Heap before GC invocations=19 (full 0):
 garbage-first heap   total 148480K, used 122258K [0x00000000e0000000, 0x0000000100000000)
  region size 1024K, 37 young (37888K), 4 survivors (4096K)
 Metaspace       used 76007K, committed 81088K, reserved 1179648K
  class space    used 7963K, committed 10176K, reserved 1048576K
}
Event: 98.156 GC heap after
{Heap after GC invocations=20 (full 0):
 garbage-first heap   total 148480K, used 91064K [0x00000000e0000000, 0x0000000100000000)
  region size 1024K, 3 young (3072K), 3 survivors (3072K)
 Metaspace       used 76007K, committed 81088K, reserved 1179648K
  class space    used 7963K, committed 10176K, reserved 1048576K
}
Event: 99.076 GC heap before
{Heap before GC invocations=20 (full 0):
 garbage-first heap   total 148480K, used 135096K [0x00000000e0000000, 0x0000000100000000)
  region size 1024K, 46 young (47104K), 3 survivors (3072K)
 Metaspace       used 81963K, committed 87168K, reserved 1179648K
  class space    used 8565K, committed 10816K, reserved 1048576K
}
Event: 99.081 GC heap after
{Heap after GC invocations=21 (full 0):
 garbage-first heap   total 148480K, used 91899K [0x00000000e0000000, 0x0000000100000000)
  region size 1024K, 4 young (4096K), 4 survivors (4096K)
 Metaspace       used 81963K, committed 87168K, reserved 1179648K
  class space    used 8565K, committed 10816K, reserved 1048576K
}
Event: 99.727 GC heap before
{Heap before GC invocations=21 (full 0):
 garbage-first heap   total 148480K, used 129787K [0x00000000e0000000, 0x0000000100000000)
  region size 1024K, 42 young (43008K), 4 survivors (4096K)
 Metaspace       used 86223K, committed 91520K, reserved 1179648K
  class space    used 9030K, committed 11328K, reserved 1048576K
}
Event: 99.733 GC heap after
{Heap after GC invocations=22 (full 0):
 garbage-first heap   total 148480K, used 93107K [0x00000000e0000000, 0x0000000100000000)
  region size 1024K, 3 young (3072K), 3 survivors (3072K)
 Metaspace       used 86223K, committed 91520K, reserved 1179648K
  class space    used 9030K, committed 11328K, reserved 1048576K
}
Event: 103.998 GC heap before
{Heap before GC invocations=23 (full 0):
 garbage-first heap   total 158720K, used 139187K [0x00000000e0000000, 0x0000000100000000)
  region size 1024K, 47 young (48128K), 3 survivors (3072K)
 Metaspace       used 91373K, committed 97856K, reserved 1179648K
  class space    used 9931K, committed 12736K, reserved 1048576K
}
Event: 104.010 GC heap after
{Heap after GC invocations=24 (full 0):
 garbage-first heap   total 158720K, used 98597K [0x00000000e0000000, 0x0000000100000000)
  region size 1024K, 6 young (6144K), 6 survivors (6144K)
 Metaspace       used 91373K, committed 97856K, reserved 1179648K
  class space    used 9931K, committed 12736K, reserved 1048576K
}

Dll operation events (4 events):
Event: 0.012 Loaded shared library C:\Users\shahe\.jdks\jbr-21.0.11\bin\java.dll
Event: 0.203 Loaded shared library C:\Users\shahe\.jdks\jbr-21.0.11\bin\jsvml.dll
Event: 1.242 Loaded shared library C:\Users\shahe\.jdks\jbr-21.0.11\bin\zip.dll
Event: 3.283 Loaded shared library C:\Users\shahe\.jdks\jbr-21.0.11\bin\verify.dll

Deoptimization events (20 events):
Event: 103.033 Thread 0x0000019e6fc0a190 Uncommon trap: trap_request=0xffffff45 fr.pc=0x0000019e1d2029e0 relative=0x0000000000000500
Event: 103.033 Thread 0x0000019e6fc0a190 Uncommon trap: reason=unstable_if action=reinterpret pc=0x0000019e1d2029e0 method=java.lang.PublicMethods$MethodList.filter([Ljava/lang/reflect/Method;Ljava/lang/String;[Ljava/lang/Class;Z)Ljava/lang/PublicMethods$MethodList; @ 58 c2
Event: 103.033 Thread 0x0000019e6fc0a190 DEOPT PACKING pc=0x0000019e1d2029e0 sp=0x0000005fe98fcc20
Event: 103.033 Thread 0x0000019e6fc0a190 DEOPT UNPACKING pc=0x0000019e1c6e4422 sp=0x0000005fe98fcbb0 mode 2
Event: 103.518 Thread 0x0000019e6fc0a190 Uncommon trap: trap_request=0xffffffde fr.pc=0x0000019e1d283bd4 relative=0x0000000000005d94
Event: 103.518 Thread 0x0000019e6fc0a190 Uncommon trap: reason=class_check action=maybe_recompile pc=0x0000019e1d283bd4 method=java.util.Map.computeIfAbsent(Ljava/lang/Object;Ljava/util/function/Function;)Ljava/lang/Object; @ 19 c2
Event: 103.518 Thread 0x0000019e6fc0a190 DEOPT PACKING pc=0x0000019e1d283bd4 sp=0x0000005fe98fc190
Event: 103.518 Thread 0x0000019e6fc0a190 DEOPT UNPACKING pc=0x0000019e1c6e4422 sp=0x0000005fe98fc238 mode 2
Event: 104.011 Thread 0x0000019e6fc0a190 Uncommon trap: trap_request=0xffffff45 fr.pc=0x0000019e1ce6912c relative=0x000000000000016c
Event: 104.011 Thread 0x0000019e6fc0a190 Uncommon trap: reason=unstable_if action=reinterpret pc=0x0000019e1ce6912c method=java.util.concurrent.ConcurrentHashMap.addCount(JI)V @ 34 c2
Event: 104.011 Thread 0x0000019e6fc0a190 DEOPT PACKING pc=0x0000019e1ce6912c sp=0x0000005fe98eff00
Event: 104.011 Thread 0x0000019e6fc0a190 DEOPT UNPACKING pc=0x0000019e1c6e4422 sp=0x0000005fe98efe40 mode 2
Event: 104.012 Thread 0x0000019e6fc0a190 Uncommon trap: trap_request=0xffffff45 fr.pc=0x0000019e1ce71cf8 relative=0x0000000000000ed8
Event: 104.012 Thread 0x0000019e6fc0a190 Uncommon trap: reason=unstable_if action=reinterpret pc=0x0000019e1ce71cf8 method=java.util.concurrent.ConcurrentHashMap.addCount(JI)V @ 7 c2
Event: 104.012 Thread 0x0000019e6fc0a190 DEOPT PACKING pc=0x0000019e1ce71cf8 sp=0x0000005fe98eff60
Event: 104.012 Thread 0x0000019e6fc0a190 DEOPT UNPACKING pc=0x0000019e1c6e4422 sp=0x0000005fe98efe20 mode 2
Event: 105.535 Thread 0x0000019e6fc0a190 Uncommon trap: trap_request=0xffffff54 fr.pc=0x0000019e1d03dde4 relative=0x0000000000000184
Event: 105.535 Thread 0x0000019e6fc0a190 Uncommon trap: reason=speculate_null_assert action=make_not_entrant pc=0x0000019e1d03dde4 method=jdk.internal.loader.BuiltinClassLoader.findResource(Ljava/lang/String;)Ljava/net/URL; @ 19 c2
Event: 105.535 Thread 0x0000019e6fc0a190 DEOPT PACKING pc=0x0000019e1d03dde4 sp=0x0000005fe98faee0
Event: 105.535 Thread 0x0000019e6fc0a190 DEOPT UNPACKING pc=0x0000019e1c6e4422 sp=0x0000005fe98faeb0 mode 2

Classes loaded (20 events):
Event: 105.509 Loading class java/awt/Toolkit$3
Event: 105.510 Loading class sun/awt/AWTAccessor$ToolkitAccessor
Event: 105.511 Loading class sun/awt/AWTAccessor$ToolkitAccessor done
Event: 105.511 Loading class java/awt/Toolkit$3 done
Event: 105.511 Loading class java/awt/Toolkit$4
Event: 105.511 Loading class java/awt/Toolkit$4 done
Event: 105.529 Loading class sun/awt/resources/awt
Event: 105.531 Loading class sun/awt/resources/awt done
Event: 105.532 Loading class sun/awt/resources/awt_en
Event: 105.532 Loading class sun/awt/resources/awt_en done
Event: 105.532 Loading class sun/awt/resources/awt_en
Event: 105.532 Loading class sun/awt/resources/awt_en done
Event: 105.536 Loading class sun/awt/resources/awt_en_US
Event: 105.536 Loading class sun/awt/resources/awt_en_US done
Event: 105.536 Loading class sun/awt/resources/awt_en_US
Event: 105.536 Loading class sun/awt/resources/awt_en_US done
Event: 105.536 Loading class java/awt/Toolkit$2
Event: 105.536 Loading class java/awt/Toolkit$2 done
Event: 105.537 Loading class java/awt/Toolkit$1
Event: 105.537 Loading class java/awt/Toolkit$1 done

Classes unloaded (0 events):
No events

Classes redefined (0 events):
No events

Internal exceptions (20 events):
Event: 105.248 Thread 0x0000019e6fc0a190 Exception <a 'sun/nio/fs/WindowsException'{0x00000000e95e9dc8}> (0x00000000e95e9dc8) 
thrown [s\src\hotspot\share\prims\jni.cpp, line 537]
Event: 105.248 Thread 0x0000019e6fc0a190 Exception <a 'sun/nio/fs/WindowsException'{0x00000000e95eb2b0}> (0x00000000e95eb2b0) 
thrown [s\src\hotspot\share\prims\jni.cpp, line 537]
Event: 105.255 Thread 0x0000019e6fc0a190 Exception <a 'sun/nio/fs/WindowsException'{0x00000000e95fb5d0}> (0x00000000e95fb5d0) 
thrown [s\src\hotspot\share\prims\jni.cpp, line 537]
Event: 105.255 Thread 0x0000019e6fc0a190 Exception <a 'sun/nio/fs/WindowsException'{0x00000000e95fcbb8}> (0x00000000e95fcbb8) 
thrown [s\src\hotspot\share\prims\jni.cpp, line 537]
Event: 105.257 Thread 0x0000019e6fc0a190 Exception <a 'sun/nio/fs/WindowsException'{0x00000000e95fe118}> (0x00000000e95fe118) 
thrown [s\src\hotspot\share\prims\jni.cpp, line 537]
Event: 105.259 Thread 0x0000019e6fc0a190 Exception <a 'sun/nio/fs/WindowsException'{0x00000000e94077f0}> (0x00000000e94077f0) 
thrown [s\src\hotspot\share\prims\jni.cpp, line 537]
Event: 105.259 Thread 0x0000019e6fc0a190 Exception <a 'sun/nio/fs/WindowsException'{0x00000000e9408ad0}> (0x00000000e9408ad0) 
thrown [s\src\hotspot\share\prims\jni.cpp, line 537]
Event: 105.259 Thread 0x0000019e6fc0a190 Exception <a 'sun/nio/fs/WindowsException'{0x00000000e9409d28}> (0x00000000e9409d28) 
thrown [s\src\hotspot\share\prims\jni.cpp, line 537]
Event: 105.264 Thread 0x0000019e6fc0a190 Exception <a 'sun/nio/fs/WindowsException'{0x00000000e942c490}> (0x00000000e942c490) 
thrown [s\src\hotspot\share\prims\jni.cpp, line 537]
Event: 105.265 Thread 0x0000019e6fc0a190 Exception <a 'sun/nio/fs/WindowsException'{0x00000000e942d9e0}> (0x00000000e942d9e0) 
thrown [s\src\hotspot\share\prims\jni.cpp, line 537]
Event: 105.265 Thread 0x0000019e6fc0a190 Exception <a 'sun/nio/fs/WindowsException'{0x00000000e942eec8}> (0x00000000e942eec8) 
thrown [s\src\hotspot\share\prims\jni.cpp, line 537]
Event: 105.269 Thread 0x0000019e6fc0a190 Exception <a 'sun/nio/fs/WindowsException'{0x00000000e943b0e0}> (0x00000000e943b0e0) 
thrown [s\src\hotspot\share\prims\jni.cpp, line 537]
Event: 105.270 Thread 0x0000019e6fc0a190 Exception <a 'sun/nio/fs/WindowsException'{0x00000000e943c6c8}> (0x00000000e943c6c8) 
thrown [s\src\hotspot\share\prims\jni.cpp, line 537]
Event: 105.270 Thread 0x0000019e6fc0a190 Exception <a 'sun/nio/fs/WindowsException'{0x00000000e943dc60}> (0x00000000e943dc60) 
thrown [s\src\hotspot\share\prims\jni.cpp, line 537]
Event: 105.357 Thread 0x0000019e6fc0a190 Exception <a 'sun/nio/fs/WindowsException'{0x00000000e944bb68}> (0x00000000e944bb68) 
thrown [s\src\hotspot\share\prims\jni.cpp, line 537]
Event: 105.358 Thread 0x0000019e6fc0a190 Exception <a 'sun/nio/fs/WindowsException'{0x00000000e944d258}> (0x00000000e944d258) 
thrown [s\src\hotspot\share\prims\jni.cpp, line 537]
Event: 105.358 Thread 0x0000019e6fc0a190 Exception <a 'sun/nio/fs/WindowsException'{0x00000000e944e8c0}> (0x00000000e944e8c0) 
thrown [s\src\hotspot\share\prims\jni.cpp, line 537]
Event: 105.524 Thread 0x0000019e6fc0a190 Exception <a 'java/lang/ClassNotFoundException'{0x00000000e945d6d8}: sun/awt/resources/spi/awtProvider> (0x00000000e945d6d8) 
thrown [s\src\hotspot\share\classfile\systemDictionary.cpp, line 313]
Event: 105.538 Thread 0x0000019e6fc0a190 Exception <a 'sun/nio/fs/WindowsException'{0x00000000e9466f00}> (0x00000000e9466f00) 
thrown [s\src\hotspot\share\prims\jni.cpp, line 537]
Event: 105.538 Thread 0x0000019e6fc0a190 Exception <a 'sun/nio/fs/WindowsException'{0x00000000e9467870}> (0x00000000e9467870) 
thrown [s\src\hotspot\share\prims\jni.cpp, line 537]

ZGC Phase Switch (0 events):
No events

VM Operations (20 events):
Event: 99.076 Executing safepoint VM operation: G1CollectForAllocation (G1 Evacuation Pause)
Event: 99.081 Executing safepoint VM operation: G1CollectForAllocation (G1 Evacuation Pause) done
Event: 99.727 Executing safepoint VM operation: G1TryInitiateConcMark (G1 Humongous Allocation)
Event: 99.733 Executing safepoint VM operation: G1TryInitiateConcMark (G1 Humongous Allocation) done
Event: 99.773 Executing safepoint VM operation: G1PauseRemark
Event: 99.779 Executing safepoint VM operation: G1PauseRemark done
Event: 99.799 Executing safepoint VM operation: G1PauseCleanup
Event: 99.800 Executing safepoint VM operation: G1PauseCleanup done
Event: 100.811 Executing safepoint VM operation: Cleanup
Event: 100.842 Executing safepoint VM operation: Cleanup done
Event: 101.857 Executing safepoint VM operation: Cleanup
Event: 101.857 Executing safepoint VM operation: Cleanup done
Event: 102.871 Executing safepoint VM operation: Cleanup
Event: 102.871 Executing safepoint VM operation: Cleanup done
Event: 103.881 Executing safepoint VM operation: Cleanup
Event: 103.881 Executing safepoint VM operation: Cleanup done
Event: 103.998 Executing safepoint VM operation: G1CollectForAllocation (G1 Evacuation Pause)
Event: 104.010 Executing safepoint VM operation: G1CollectForAllocation (G1 Evacuation Pause) done
Event: 105.017 Executing safepoint VM operation: Cleanup
Event: 105.143 Executing safepoint VM operation: Cleanup done

Memory protections (0 events):
No events

Nmethod flushes (20 events):
Event: 99.777 Thread 0x0000019e28437910 flushing  nmethod 0x0000019e15e69510
Event: 99.777 Thread 0x0000019e28437910 flushing  nmethod 0x0000019e15e74a10
Event: 99.777 Thread 0x0000019e28437910 flushing  nmethod 0x0000019e15298110
Event: 99.777 Thread 0x0000019e28437910 flushing  nmethod 0x0000019e15355a10
Event: 99.777 Thread 0x0000019e28437910 flushing  nmethod 0x0000019e15356190
Event: 99.777 Thread 0x0000019e28437910 flushing  nmethod 0x0000019e15356890
Event: 99.777 Thread 0x0000019e28437910 flushing  nmethod 0x0000019e1557d890
Event: 99.777 Thread 0x0000019e28437910 flushing  nmethod 0x0000019e155cf610
Event: 99.777 Thread 0x0000019e28437910 flushing  nmethod 0x0000019e15663710
Event: 99.777 Thread 0x0000019e28437910 flushing  nmethod 0x0000019e15664710
Event: 99.777 Thread 0x0000019e28437910 flushing  nmethod 0x0000019e156d6010
Event: 99.777 Thread 0x0000019e28437910 flushing  nmethod 0x0000019e15801b90
Event: 99.777 Thread 0x0000019e28437910 flushing  nmethod 0x0000019e15809310
Event: 99.777 Thread 0x0000019e28437910 flushing  nmethod 0x0000019e15882c90
Event: 99.777 Thread 0x0000019e28437910 flushing  nmethod 0x0000019e15889d90
Event: 99.777 Thread 0x0000019e28437910 flushing  nmethod 0x0000019e15975e10
Event: 99.777 Thread 0x0000019e28437910 flushing  nmethod 0x0000019e159e5990
Event: 99.777 Thread 0x0000019e28437910 flushing  nmethod 0x0000019e15a08a10
Event: 99.777 Thread 0x0000019e28437910 flushing  nmethod 0x0000019e15a0f610
Event: 99.777 Thread 0x0000019e28437910 flushing  nmethod 0x0000019e15d3c510

Events (20 events):
Event: 56.807 Thread 0x0000019e2846d800 Thread added: 0x0000019e2846bcc0
Event: 57.258 Thread 0x0000019e2846bcc0 Thread exited: 0x0000019e2846bcc0
Event: 60.414 Thread 0x0000019e2846b5f0 Thread exited: 0x0000019e2846b5f0
Event: 60.536 Thread 0x0000019e2846d800 Thread added: 0x0000019e2846ca60
Event: 60.536 Thread 0x0000019e2846d800 Thread added: 0x0000019e2846d130
Event: 60.536 Thread 0x0000019e2846d800 Thread added: 0x0000019e2846b5f0
Event: 61.290 Thread 0x0000019e2846ca60 Thread exited: 0x0000019e2846ca60
Event: 61.291 Thread 0x0000019e2846b5f0 Thread exited: 0x0000019e2846b5f0
Event: 61.291 Thread 0x0000019e2846d130 Thread exited: 0x0000019e2846d130
Event: 67.359 Loaded shared library C:\Users\shahe\AppData\Local\Temp\conscrypt_openjdk_jni-windows-x86_6417897340721860000.dll
Event: 75.800 Thread 0x0000019e28467340 Thread added: 0x0000019e2846c390
Event: 75.959 Thread 0x0000019e2846c390 Thread exited: 0x0000019e2846c390
Event: 77.698 Thread 0x0000019e28467340 Thread added: 0x0000019e2846e5a0
Event: 77.710 Thread 0x0000019e2846e5a0 Thread added: 0x0000019e2846ca60
Event: 78.028 Thread 0x0000019e2846ca60 Thread exited: 0x0000019e2846ca60
Event: 80.767 Thread 0x0000019e2846e5a0 Thread exited: 0x0000019e2846e5a0
Event: 87.169 Thread 0x0000019e2846d800 Thread added: 0x0000019e2846e5a0
Event: 91.701 Thread 0x0000019e2846e5a0 Thread exited: 0x0000019e2846e5a0
Event: 97.403 Thread 0x0000019e76c85ec0 Thread added: 0x0000019e76c85ec0
Event: 105.476 Loaded shared library C:\Users\shahe\.jdks\jbr-21.0.11\bin\awt.dll


Dynamic libraries:
0x00007ff61fa00000 - 0x00007ff61fa0a000 	C:\Users\shahe\.jdks\jbr-21.0.11\bin\java.exe
0x00007ff8b3dd0000 - 0x00007ff8b3fe7000 	C:\Windows\SYSTEM32\ntdll.dll
0x00007ff8b33a0000 - 0x00007ff8b3464000 	C:\Windows\System32\KERNEL32.DLL
0x00007ff8b1120000 - 0x00007ff8b14f2000 	C:\Windows\System32\KERNELBASE.dll
0x00007ff8b18e0000 - 0x00007ff8b19f1000 	C:\Windows\System32\ucrtbase.dll
0x00007ff89b750000 - 0x00007ff89b768000 	C:\Users\shahe\.jdks\jbr-21.0.11\bin\jli.dll
0x00007ff8b2160000 - 0x00007ff8b2311000 	C:\Windows\System32\USER32.dll
0x00007ff8b18b0000 - 0x00007ff8b18d6000 	C:\Windows\System32\win32u.dll
0x00007ff8b1be0000 - 0x00007ff8b1c09000 	C:\Windows\System32\GDI32.dll
0x00007ff8b1790000 - 0x00007ff8b18ab000 	C:\Windows\System32\gdi32full.dll
0x00007ff8b16f0000 - 0x00007ff8b178a000 	C:\Windows\System32\msvcp_win.dll
0x00007ff89b770000 - 0x00007ff89b78e000 	C:\Users\shahe\.jdks\jbr-21.0.11\bin\VCRUNTIME140.dll
0x00007ff8b00e0000 - 0x00007ff8b0378000 	C:\Windows\WinSxS\amd64_microsoft.windows.common-controls_6595b64144ccf1df_6.0.22621.4950_none_2711e8477383c17f\COMCTL32.dll
0x00007ff8b3aa0000 - 0x00007ff8b3b47000 	C:\Windows\System32\msvcrt.dll
0x00007ff8b20b0000 - 0x00007ff8b20e1000 	C:\Windows\System32\IMM32.DLL
0x00007ff89c310000 - 0x00007ff89c31c000 	C:\Users\shahe\.jdks\jbr-21.0.11\bin\vcruntime140_1.dll
0x00007ff8886b0000 - 0x00007ff888739000 	C:\Users\shahe\.jdks\jbr-21.0.11\bin\msvcp140.dll
0x00007ff837a40000 - 0x00007ff83880e000 	C:\Users\shahe\.jdks\jbr-21.0.11\bin\server\jvm.dll
0x00007ff8b2600000 - 0x00007ff8b26b1000 	C:\Windows\System32\ADVAPI32.dll
0x00007ff8b39f0000 - 0x00007ff8b3a97000 	C:\Windows\System32\sechost.dll
0x00007ff8b1500000 - 0x00007ff8b1528000 	C:\Windows\System32\bcrypt.dll
0x00007ff8b2320000 - 0x00007ff8b2434000 	C:\Windows\System32\RPCRT4.dll
0x00007ff8b1a80000 - 0x00007ff8b1af1000 	C:\Windows\System32\WS2_32.dll
0x00007ff8ad690000 - 0x00007ff8ad6c4000 	C:\Windows\SYSTEM32\WINMM.dll
0x00007ff8aaac0000 - 0x00007ff8aaaca000 	C:\Windows\SYSTEM32\VERSION.dll
0x00007ff8b0dc0000 - 0x00007ff8b0e0d000 	C:\Windows\SYSTEM32\POWRPROF.dll
0x00007ff8b0da0000 - 0x00007ff8b0db3000 	C:\Windows\SYSTEM32\UMPDC.dll
0x00007ff8af650000 - 0x00007ff8af668000 	C:\Windows\SYSTEM32\kernel.appcore.dll
0x00007ff89bca0000 - 0x00007ff89bcaa000 	C:\Users\shahe\.jdks\jbr-21.0.11\bin\jimage.dll
0x00007ff8b0760000 - 0x00007ff8b0992000 	C:\Windows\SYSTEM32\DBGHELP.DLL
0x00007ff8b1c60000 - 0x00007ff8b1ff1000 	C:\Windows\System32\combase.dll
0x00007ff8b1b00000 - 0x00007ff8b1bd7000 	C:\Windows\System32\OLEAUT32.dll
0x00007ff8b0650000 - 0x00007ff8b0682000 	C:\Windows\SYSTEM32\dbgcore.DLL
0x00007ff8b1a00000 - 0x00007ff8b1a7b000 	C:\Windows\System32\bcryptPrimitives.dll
0x00007ff89b720000 - 0x00007ff89b741000 	C:\Users\shahe\.jdks\jbr-21.0.11\bin\java.dll
0x00007ff8b27d0000 - 0x00007ff8b305a000 	C:\Windows\System32\SHELL32.dll
0x00007ff8b15b0000 - 0x00007ff8b16ef000 	C:\Windows\System32\wintypes.dll
0x00007ff8ae590000 - 0x00007ff8aee9f000 	C:\Windows\SYSTEM32\windows.storage.dll
0x00007ff8b3060000 - 0x00007ff8b316a000 	C:\Windows\System32\SHCORE.dll
0x00007ff8b3d20000 - 0x00007ff8b3d83000 	C:\Windows\System32\shlwapi.dll
0x00007ff8b0e20000 - 0x00007ff8b0e4b000 	C:\Windows\SYSTEM32\profapi.dll
0x00007ff87baf0000 - 0x00007ff87bbc7000 	C:\Users\shahe\.jdks\jbr-21.0.11\bin\jsvml.dll
0x00007ff89b100000 - 0x00007ff89b111000 	C:\Users\shahe\.jdks\jbr-21.0.11\bin\net.dll
0x00007ff8ac1c0000 - 0x00007ff8ac2ec000 	C:\Windows\SYSTEM32\WINHTTP.dll
0x00007ff8afa90000 - 0x00007ff8afafa000 	C:\Windows\system32\mswsock.dll
0x00007ff89b0e0000 - 0x00007ff89b0f6000 	C:\Users\shahe\.jdks\jbr-21.0.11\bin\nio.dll
0x00007ff891960000 - 0x00007ff891978000 	C:\Users\shahe\.jdks\jbr-21.0.11\bin\zip.dll
0x00007ff895270000 - 0x00007ff895279000 	C:\Users\shahe\.jdks\jbr-21.0.11\bin\extnet.dll
0x00007ff89a5c0000 - 0x00007ff89a5ce000 	C:\Users\shahe\.jdks\jbr-21.0.11\bin\sunmscapi.dll
0x00007ff8b0fb0000 - 0x00007ff8b1116000 	C:\Windows\System32\CRYPT32.dll
0x00007ff8b00b0000 - 0x00007ff8b00dd000 	C:\Windows\SYSTEM32\ncrypt.dll
0x00007ff8b0070000 - 0x00007ff8b00a7000 	C:\Windows\SYSTEM32\NTASN1.dll
0x00007ff89c2b0000 - 0x00007ff89c2b8000 	C:\Windows\system32\wshunix.dll
0x00007ff8b0aa0000 - 0x00007ff8b0abb000 	C:\Windows\SYSTEM32\CRYPTSP.dll
0x00007ff8afb00000 - 0x00007ff8afb35000 	C:\Windows\system32\rsaenh.dll
0x00007ff8afbc0000 - 0x00007ff8afbe8000 	C:\Windows\SYSTEM32\USERENV.dll
0x00007ff8afd40000 - 0x00007ff8afd4c000 	C:\Windows\SYSTEM32\CRYPTBASE.dll
0x00007ff8af100000 - 0x00007ff8af12d000 	C:\Windows\SYSTEM32\IPHLPAPI.DLL
0x00007ff8b20f0000 - 0x00007ff8b20f9000 	C:\Windows\System32\NSI.dll
0x00007ff89b680000 - 0x00007ff89b690000 	C:\Users\shahe\.jdks\jbr-21.0.11\bin\verify.dll
0x00007ff869d50000 - 0x00007ff86aa70000 	C:\Users\shahe\AppData\Local\Temp\robolectric-nativeruntime7889388216387972033\libandroid_runtime.dll
0x00007ff8792a0000 - 0x00007ff879488000 	C:\Users\shahe\AppData\Local\Temp\conscrypt_openjdk_jni-windows-x86_6417897340721860000.dll
0x00007ff848810000 - 0x00007ff8489ae000 	C:\Users\shahe\.jdks\jbr-21.0.11\bin\awt.dll
0x00007ff8ade00000 - 0x00007ff8ade2b000 	C:\Windows\SYSTEM32\dwmapi.dll
0x00007ff8a2130000 - 0x00007ff8a2199000 	C:\Windows\SYSTEM32\OLEACC.dll
0x00007ff87ef90000 - 0x00007ff87efd4000 	C:\Users\shahe\.jdks\jbr-21.0.11\bin\nvdaControllerClient64.dll
0x00007ff8a9f80000 - 0x00007ff8aa017000 	C:\Windows\SYSTEM32\apphelp.dll
0x00007ff8ad450000 - 0x00007ff8ad503000 	C:\Windows\system32\uxtheme.dll

JVMTI agents: none

dbghelp: loaded successfully - version: 4.0.5 - missing functions: none
symbol engine: initialized successfully - sym options: 0x614 - pdb path: .;C:\Users\shahe\.jdks\jbr-21.0.11\bin;C:\Windows\SYSTEM32;C:\Windows\WinSxS\amd64_microsoft.windows.common-controls_6595b64144ccf1df_6.0.22621.4950_none_2711e8477383c17f;C:\Users\shahe\.jdks\jbr-21.0.11\bin\server;C:\Users\shahe\AppData\Local\Temp\robolectric-nativeruntime7889388216387972033;C:\Users\shahe\AppData\Local\Temp

VM Arguments:
jvm_args: -Djava.awt.headless=true -Djava.library.path=C:\Users\shahe\.jdks\jbr-21.0.11\bin;C:\Windows\Sun\Java\bin;C:\Windows\system32;C:\Windows;C:\Windows\system32;C:\Windows;C:\Windows\System32\Wbem;C:\Windows\System32\WindowsPowerShell\v1.0\;C:\Windows\System32\OpenSSH\;C:\Program Files (x86)\NVIDIA Corporation\PhysX\Common;C:\Program Files\NVIDIA Corporation\NVIDIA NvDLISR;C:\Windows\system32;C:\Windows;C:\Windows\System32\Wbem;C:\Windows\System32\WindowsPowerShell\v1.0\;C:\Windows\System32\OpenSSH\;C:\Program Files\Git\cmd;C:\Program Files\nodejs\;C:\Users\shahe\miniconda3;C:\Users\shahe\miniconda3\Library\mingw-w64\bin;C:\Users\shahe\miniconda3\Library\usr\bin;C:\Users\shahe\miniconda3\Library\bin;C:\Users\shahe\miniconda3\Scripts;C:\Users\shahe\AppData\Local\Microsoft\WindowsApps;C:\Users\shahe\AppData\Local\Microsoft\WinGet\Packages\Gyan.FFmpeg_Microsoft.Winget.Source_8wekyb3d8bbwe\ffmpeg-7.0.2-full_build\bin;C:\Users\shahe\AppData\Local\Programs\Microsoft VS Code\bin;C:\Users\shahe\AppData\Roaming\npm;.;D:\Android Projects\cpl\core\designsystem\src\testDebug\jniLibs;D:\Android Projects\cpl\core\designsystem\src\test\jniLibs -Dorg.gradle.internal.worker.tmpdir=D:\Android Projects\cpl\core\designsystem\build\tmp\testDebugUnitTest\work -Droborazzi.compare.output.dir=D:\Android Projects\cpl\core\designsystem\build\outputs\roborazzi -Droborazzi.output.dir=build\outputs\roborazzi -Droborazzi.project.path=D:\Android Projects\cpl\core\designsystem -Droborazzi.result.dir=build\test-results\roborazzi\debug\results -Droborazzi.test.compare=false -Droborazzi.test.record=false -Droborazzi.test.verify=true --add-opens=java.base/java.io=ALL-UNNAMED -Xmx512m -Dfile.encoding=UTF-8 -Duser.country=US -Duser.language=en -Duser.variant -ea 
java_command: worker.org.gradle.process.internal.worker.GradleWorkerMain 'Gradle Test Executor 57'
java_class_path (initial): C:\Users\shahe\.gradle\caches\9.5.0\workerMain\gradle-worker.jar;D:\Android Projects\cpl\core\designsystem\build\intermediates\unit_test_config_directory\debugUnitTest\generateDebugUnitTestConfig\out;D:\Android Projects\cpl\core\designsystem\build\intermediates\compile_and_runtime_r_class_jar\debugUnitTest\processDebugUnitTestResources\R.jar;D:\Android Projects\cpl\core\designsystem\build\intermediates\built_in_kotlinc\debugUnitTest\compileDebugUnitTestKotlin\classes;D:\Android Projects\cpl\core\designsystem\build\intermediates\java_res\debugUnitTest\processDebugUnitTestJavaRes\out;D:\Android Projects\cpl\core\designsystem\build\intermediates\runtime_library_classes_jar\debug\bundleLibRuntimeToJarDebug\classes.jar;C:\Users\shahe\.gradle\caches\modules-2\files-2.1\com.google.truth\truth\1.4.5\176753805c1c7d8ec439dd61c48bd688cdc48436\truth-1.4.5.jar;C:\Users\shahe\.gradle\caches\9.5.0\transforms\8f1fd9fa09f6319c06b91106015c0fed\transformed\roborazzi-junit-rule-1.74.0-runtime.jar;C:\Users\shahe\.gradle\caches\9.5.0\transforms\dfdfdfaa1db3735676ab2288b687cd7b\transformed\junit-ktx-1.2.1-runtime.jar;C:\Users\shahe\.gradle\caches\9.5.0\transforms\755469871f35951bcee154787ffe07c6\transformed\material3-runtime.jar;C:\Users\shahe\.gradle\caches\9.5.0\transforms\605597528ec50849ecfd35b7add8a9a4\transformed\roborazzi-compose-1.74.0-runtime.jar;C:\Users\shahe\.gradle\caches\9.5.0\transforms\2df7648863ec129dc45b733ac6fc7e3e\transformed\roborazzi-1.74.0-runtime.jar;C:\Users\shahe\.gradle\caches\modules-2\files-2.1\io.github.takahirom.roborazzi\roborazzi-painter-jvm\1.74.0\53c35f0af8fed32a71a9042f1d5010533302acd\roborazzi-painter-jvm.jar;C:\Users\shahe\.gradle\caches\9.5.0\transforms\6af4a5333e10cbafab9dc8cbbe3135b5\transformed\roborazzi-core-runtime.jar;C:\Users\shahe\.gradle\caches\9.5.0\transforms\7dd61d6032378005b4fffacb1d39ac51\transformed\material-runtime.jar;C:\Users\shahe\.gradle\caches\9.5.0\transforms\2b5c81ab4029a9aac89e8d1cde5551d3\transformed\material-ripple-runtime.jar;C:\Users\shahe\.gradle\caches\9.5.0\transforms\5e018554467737cb670222e352c9efdf\transformed\foundation-runtime.jar;C:\Users\shahe\.gradle\caches\9.5.0\transforms\56790548f6f7d60617029df5a3567892\transformed\animation-runtime.jar;C:\Users\shahe\.gradle\caches\9.5.0\transforms\a88e7ae35654bac7da26356773a8f88b\transformed\foundation-layout-runtime.jar;C:\Users\shahe\.gradle\caches\9.5.0\transforms\7481a48a0e91bceab2a945546ec2552f\transformed\animation-core-runtime.jar;C:\Users\shahe\.gradle\caches\9.5.0\transforms\4252523328882cd43200088080022445\transformed\ui-tooling-data-runtime.jar;C:\Users\shahe\.gradle\caches\9.5.0\transforms\80fcad6bff555318b3dba6c6c35f2678\transformed\ui-unit-runtime.jar;C:\Users\shahe\.gradle\caches\9.5.0\transforms\9dd73be3170dd5049a43c9735a22ce5f\transformed\ui-geometry-runtime.jar;C:\Users\shahe\.gradle\caches\9.5.0\transforms\6bb6c1306bdec29d2cf07e64fe9be68b\transformed\ui-util-runtime.jar;C:\Users\shahe\.gradle\caches\9.5.0\transforms\67faaaf8c89baccdb2d544ab7d6993c1\transformed\ui-text-runtime.jar;C:\Users\shahe\.gradle\caches\9.5.0\transforms\ceab654887de7b0fcd0b514bce047e80\transformed\ui-tooling-preview-runtime.jar;C:\Users\shahe\.gradle\caches\9.5.0\transforms\aaf1ed2b5f7f7b2b87a6be7567fefd10\transformed\ui-tooling-runtime.jar;C:\Users\shahe\.gradle\caches\9.5.0\transforms\2a047065e250d4eeef182122117f73f9\transformed\ui-graphics-runtime.jar;C:\Users\shahe\.gradle\caches\9.5.0\transforms\052ebcef10125a4ecbc21f81e45f40fe\transformed\ui-test-runtime.jar;C:\Users\shahe\.gradle\caches\9.5.0\transforms\6cb332347c809200ac210d6851175c33\transformed\espresso-core-3.5.1-runtime.jar;C:\Users\shahe\.gradle\caches\9.5.0\transforms\9b405fd93a02134a7a18ee13c060f8dd\transformed\core-1.7.0-runtime.jar;C:\Users\shahe\.gradle\caches\9.5.0\transforms\439218dc7c15c56e0b3da81c17e96b3e\transformed\autofill-1.0.0-runtime.jar;C:\Users\shahe\.gradle\caches\9.5.0\transforms\53ba28c3ca1fb415ba50616a2a41426f\transformed\transition-1.6.0-runtime.jar;C:\Users\shahe\.gradle\caches\9.5.0\transforms\bc7c9f80bb5c3e36a7341117849e98e2\transformed\window-core-runtime.jar;C:\Users\shahe\.gradle\caches\9.5.0\transforms\7a6b18032cb834c82bf608db95c60043\transformed\window-1.5.0-runtime.jar;C:\Users\shahe\.gradle\caches\9.5.0\transforms\02718459b692eb27e620149eb5140993\transformed\graphics-path-1.0.1-runtime.jar;C:\Users\shahe\.gradle\caches\9.5.0\transforms\5f7cc8fb8a1663b3ff60d565beaad78a\transformed\activity-ktx-1.8.2-runtime.jar;C:\Users\shahe\.gradle\caches\9.5.0\transforms\e52bd097738cb4511e781e80c7f907ed\transformed\activity-compose-1.8.2-runtime.jar;C:\Users\shahe\.gradle\caches\9.5.0\transforms\f99efee1df72010081c11dd3e49a8208\transformed\activity-1.8.2-runtime.jar;C:\Users\shahe\.gradle\caches\9.5.0\transforms\b909b3d40647aa71f038184403a58203\transformed\customview-poolingcontainer-1.0.0-runtime.jar;C:\Users\shahe\.gradle\caches\9.5.0\transforms\21175550d971efa0d2e880462807f4c1\transformed\emoji2-1.4.0-runtime.jar;C:\Users\shahe\.gradle\caches\9.5.0\transforms\04c849d86409a148c1b9f530663c4016\transformed\dynamicanimation-1.0.0-runtime.jar;C:\Users\shahe\.gradle\caches\9.5.0\transforms\6e47bb9d1b62d4f1e1b8dfafae07b21f\transformed\legacy-support-core-utils-1.0.0-runtime.jar;C:\Users\shahe\.gradle\caches\9.5.0\transforms\c20f596f9002ca2fff5dc13b852891cc\transformed\loader-1.0.0-runtime.jar;C:\Users\shahe\.gradle\caches\9.5.0\transforms\3f535ecedee92dca404c1f738d829c85\transformed\lifecycle-livedata-core-ktx-2.11.0-runtime.jar;C:\Users\shahe\.gradle\caches\9.5.0\transforms\d2d6b7bb1f083a064470b5a91c2ffe99\transformed\lifecycle-livedata-2.11.0-runtime.jar;C:\Users\shahe\.gradle\caches\9.5.0\transforms\262a21e8c4f65478dffe1170c8b2bdcf\transformed\lifecycle-livedata-core-2.11.0-runtime.jar;C:\Users\shahe\.gradle\caches\9.5.0\transforms\2f7c864d620867253588ef3bb649e245\transformed\lifecycle-process-2.11.0-runtime.jar;C:\Users\shahe\.gradle\caches\9.5.0\transforms\12ed5d91df4d40c603a0add505f511bd\transformed\lifecycle-viewmodel-2.11.0-runtime.jar;C:\Users\shahe\.gradle\caches\9.5.0\transforms\9e12efdf240c81cad6f7115078be227f\transformed\lifecycle-viewmodel-runtime.jar;C:\Users\shahe\.gradle\caches\9.5.0\transforms\64af4c7d4fa83ff43e662e079d4f05af\transformed\lifecycle-runtime-ktx-runtime.jar;C:\Users\shahe\.gradle\caches\9.5.0\transforms\ad9b65dfd2865bf909d72c1335106fd5\transformed\lifecycle-viewmodel-savedstate-runtime.jar;C:\Users\shahe\.gradle\caches\9.5.0\transforms\9dfbb7788d6fc97f66e20e5a085a362d\transformed\runtime-annotation-runtime.jar;C:\Users\shahe\.gradle\caches\9.5.0\transforms\b889e6c3d0fea16ba42b903f719ed434\transformed\runtime-retain-runtime.jar;C:\Users\shahe\.gradle\caches\9.5.0\transforms\8c21a11bf1eae06044062986ca9f4a8e\transformed\runtime-runtime.jar;C:\Users\shahe\.gradle\caches\9.5.0\transforms\d27d54b80cd384df36e858dcb492676e\transformed\runtime-saveable-runtime.jar;C:\Users\shahe\.gradle\caches\9.5.0\transforms\02f9143cdfa7db7f6e3a913e4671fe75\transformed\savedstate-compose-runtime.jar;C:\Users\shahe\.gradle\caches\9.5.0\transforms\478d02446920713d8b244731730be8cc\transformed\savedstate-ktx-1.4.0-runtime.jar;C:\Users\shahe\.gradle\caches\9.5.0\transforms\73551c11308c4cfde73e8883d4a29226\transformed\savedstate-runtime.jar;C:\Users\shahe\.gradle\caches\9.5.0\transforms\624deb0a573967d60062d57b94f909f5\transformed\core-ktx-1.16.0-runtime.jar;C:\Users\shahe\.gradle\caches\9.5.0\transforms\30e99f67522b8d9cf97b2f51a310e73f\transformed\core-1.16.0-runtime.jar;C:\Users\shahe\.gradle\caches\9.5.0\transforms\6218bd9992a3ecb703e57d20aab5a806\transformed\lifecycle-runtime-runtime.jar;C:\Users\shahe\.gradle\caches\modules-2\files-2.1\androidx.lifecycle\lifecycle-common-jvm\2.11.0\2c4f7d92f1fd723121d394c93455f50158403ad9\lifecycle-common-jvm-2.11.0.jar;C:\Users\shahe\.gradle\caches\9.5.0\transforms\38b85ff7cb8dcaa60b0208ca302ba8b1\transformed\lifecycle-viewmodel-ktx-2.11.0-runtime.jar;C:\Users\shahe\.gradle\caches\modules-2\files-2.1\androidx.lifecycle\lifecycle-common-java8\2.11.0\9d9c098b5dc3bbcdce8ec4495991b9b0ee25606e\lifecycle-common-java8-2.11.0.jar;C:\Users\shahe\.gradle\caches\9.5.0\transforms\e505ad8c7d6ade4320da92feec8bdd80\transformed\lifecycle-runtime-compose-runtime.jar;C:\Users\shahe\.gradle\caches\9.5.0\transforms\9e38eeb44b1e51448446b378be0871ab\transformed\material-icons-extended-release-runtime.jar;C:\Users\shahe\.gradle\caches\9.5.0\transforms\ef43e81e4c7ac951ffa1c2c449d5204e\transformed\material-icons-core-release-runtime.jar;C:\Users\shahe\.gradle\caches\9.5.0\transforms\34c32ce94bd503796bf9fde599181a9a\transformed\ui-runtime.jar;C:\Users\shahe\.gradle\caches\9.5.0\transforms\b82cddabe803cf56f92cae9d2bf83a50\transformed\ui-test-manifest-1.10.4-runtime.jar;C:\Users\shahe\.gradle\caches\9.5.0\transforms\a098adc0582e41572f945f43e23386e9\transformed\ui-test-junit4-runtime.jar;C:\Users\shahe\.gradle\caches\9.5.0\transforms\ba8bf7609d81fce2370da014362a672b\transformed\junit-1.3.0-runtime.jar;C:\Users\shahe\.gradle\caches\9.5.0\transforms\dcf430917ec62dfffd19ca533eb558b8\transformed\runner-1.5.2-runtime.jar;C:\Users\shahe\.gradle\caches\modules-2\files-2.1\junit\junit\4.13.2\8ac9e16d933b6fb43bc7f576336b8f4d7eb5ba12\junit-4.13.2.jar;C:\Users\shahe\.gradle\caches\modules-2\files-2.1\app.cash.turbine\turbine-jvm\1.2.1\80767e0dc7df24e2ef980ae47a565d7726290fa3\Turbine-jvm.jar;C:\Users\shahe\.gradle\caches\modules-2\files-2.1\org.jetbrains.kotlinx\kotlinx-coroutines-android\1.11.0\51ffb50a6478872fbbac6cbd48f09553bf4e9e7d\kotlinx-coroutines-android-1.11.0.jar;C:\Users\shahe\.gradle\caches\modules-2\files-2.1\org.jetbrains.kotlinx\kotlinx-coroutines-test-jvm\1.11.0\1dfe8ce2b805d913922f283b386895bd0979dfcb\kotlinx-coroutines-test-jvm-1.11.0.jar;C:\Users\shahe\.gradle\caches\modules-2\files-2.1\io.mockk\mockk-jvm\1.14.11\fbe5737bad60ed64774cb6865ce3aaae923d7588\mockk-jvm-1.14.11.jar;D:\Android Projects\cpl\core\model\build\libs\model.jar;C:\Users\shahe\.gradle\caches\9.5.0\transforms\3582a148e861aca237d4c7117541970f\transformed\profileinstaller-1.4.0-runtime.jar;C:\Users\shahe\.gradle\caches\modules-2\files-2.1\androidx.concurrent\concurrent-futures\1.2.0\6a1dfd69226e148898410721f4b14315343d1429\concurrent-futures-1.2.0.jar;C:\Users\shahe\.gradle\caches\modules-2\files-2.1\androidx.concurrent\concurrent-futures-ktx\1.2.0\13b49fdb58c74bdfb12eb131b5e22d6d09683e30\concurrent-futures-ktx-1.2.0.jar;C:\Users\shahe\.gradle\caches\modules-2\files-2.1\io.mockk\mockk-dsl-jvm\1.14.11\c8ce749d4a56913062655bb9058adb8d1f772068\mockk-dsl-jvm-1.14.11.jar;C:\Users\shahe\.gradle\caches\modules-2\files-2.1\org.jetbrains.kotlinx\kotlinx-coroutines-core-jvm\1.11.0\3d57dc678bd8d72a60e7adf0eca5c54e3f4f4b79\kotlinx-coroutines-core-jvm-1.11.0.jar;C:\Users\shahe\.gradle\caches\modules-2\files-2.1\org.robolectric\robolectric\4.17\31a19773cc1daf1be0f77769497371ddf18a518f\robolectric-4.17.jar;C:\Users\shahe\.gradle\caches\modules-2\files-2.1\org.robolectric\shadows-framework\4.17\689988e7f55462d21c6e0a863604563eae2630c6\shadows-framework-4.17.jar;C:\Users\shahe\.gradle\caches\9.5.0\transforms\3c608b9816f08882c392406ec5cba795\transformed\storage-1.6.0-runtime.jar;C:\Users\shahe\.gradle\caches\9.5.0\transforms\df1a6a42e1fc5d255a9158319377b87c\transformed\monitor-1.8.0-runtime.jar;C:\Users\shahe\.gradle\caches\modules-2\files-2.1\io.mockk\mockk-agent-jvm\1.14.11\e1e1acc201dc6ec3bfb9d2d8f10e5960eda3c9f0\mockk-agent-jvm-1.14.11.jar;C:\Users\shahe\.gradle\caches\modules-2\files-2.1\io.mockk\mockk-core-jvm\1.14.11\79bd4a6018f7cf10b6b5cc539048804f1225cc21\mockk-core-jvm-1.14.11.jar;C:\Users\shahe\.gradle\caches\modules-2\files-2.1\org.jetbrains.kotlin\kotlin-reflect\2.2.21\17bc47f5dfe27c2351538e711f0afe377b0de6b2\kotlin-reflect-2.2.21.jar;C:\Users\shahe\.gradle\caches\modules-2\files-2.1\com.dropbox.differ\differ-jvm\0.3.0\1fc0656a44bf48b466414a6167c675a1e84e4703\differ-jvm-0.3.0.jar;C:\Users\shahe\.gradle\caches\modules-2\files-2.1\io.mockk\mockk-agent-api-jvm\1.14.11\a823c7aebc0396b4201c0d397ac352fad30c76d8\mockk-agent-api-jvm-1.14.11.jar;C:\Users\shahe\.gradle\caches\9.5.0\transforms\0a92fa549bf65886d55833a823778ce8\transformed\annotation-1.0.1-runtime.jar;C:\Users\shahe\.gradle\caches\9.5.0\transforms\1137e8a10b92448aa808e0f55aadd0fb\transformed\annotation-experimental-1.4.1-runtime.jar;C:\Users\shahe\.gradle\caches\9.5.0\transforms\a3aef326f64d577310192ae859a1e6a3\transformed\versionedparcelable-1.1.1-runtime.jar;C:\Users\shahe\.gradle\caches\modules-2\files-2.1\androidx.collection\collection-ktx\1.5.0\27c78a926a16a1bf792b2285cf2834e8caae4a07\collection-ktx-1.5.0.jar;C:\Users\shahe\.gradle\caches\modules-2\files-2.1\androidx.collection\collection-jvm\1.5.0\7ba2c69414d46ebc2dd76598bdd0a75c54281a57\collection-jvm-1.5.0.jar;C:\Users\shahe\.gradle\caches\9.5.0\transforms\67b228d784c0574db2cc9de9dacd8898\transformed\startup-runtime-1.1.1-runtime.jar;C:\Users\shahe\.gradle\caches\9.5.0\transforms\caf11758497c75bfa767692c59cdc0f0\transformed\tracing-1.2.0-runtime.jar;C:\Users\shahe\.gradle\caches\9.5.0\transforms\a6731d4825578c085e0fdaab09b9a5a9\transformed\interpolator-1.0.0-runtime.jar;C:\Users\shahe\.gradle\caches\9.5.0\transforms\074bc1e02246fc4ed702c8aab3a17d21\transformed\core-runtime-2.2.0-runtime.jar;C:\Users\shahe\.gradle\caches\modules-2\files-2.1\androidx.arch.core\core-common\2.2.0\5e1b8b81dfd5f52c56a8d53b18ca759c19a301f3\core-common-2.2.0.jar;C:\Users\shahe\.gradle\caches\9.5.0\transforms\c4833bb35c8b55d09fd9bf3d796f1bde\transformed\documentfile-1.0.0-runtime.jar;C:\Users\shahe\.gradle\caches\9.5.0\transforms\f85c7202a4c0596313845112a7e0c1ca\transformed\localbroadcastmanager-1.0.0-runtime.jar;C:\Users\shahe\.gradle\caches\9.5.0\transforms\60fc916c27ac19e3ec30366451b4192d\transformed\print-1.0.0-runtime.jar;C:\Users\shahe\.gradle\caches\modules-2\files-2.1\androidx.annotation\annotation-jvm\1.9.1\b17951747e38bf3986a24431b9ba0d039958aa5f\annotation-jvm-1.9.1.jar;C:\Users\shahe\.gradle\caches\modules-2\files-2.1\org.jetbrains.kotlinx\kotlinx-io-core-jvm\0.3.3\66d09333cd60ba1c48c9b906b3a888112653d252\kotlinx-io-core-jvm-0.3.3.jar;C:\Users\shahe\.gradle\caches\9.5.0\transforms\8796b8e7530e32879b35830e143fd3a9\transformed\core-viewtree-1.0.0-runtime.jar;C:\Users\shahe\.gradle\caches\modules-2\files-2.1\org.jetbrains.kotlinx\kotlinx-io-bytestring-jvm\0.3.3\aaa11306c241f7ab75346f03c3849cf5f5c308f5\kotlinx-io-bytestring-jvm-0.3.3.jar;C:\Users\shahe\.gradle\caches\modules-2\files-2.1\org.jetbrains.kotlinx\kotlinx-serialization-json-jvm\1.7.3\6701e8c68d9e82387ce72ee96e8ddf058208d58f\kotlinx-serialization-json-jvm-1.7.3.jar;C:\Users\shahe\.gradle\caches\modules-2\files-2.1\org.jetbrains.kotlinx\kotlinx-serialization-core-jvm\1.7.3\1f226780b845ff9206474c05159245d861556249\kotlinx-serialization-core-jvm-1.7.3.jar;C:\Users\shahe\.gradle\caches\modules-2\files-2.1\org.jetbrains.kotlin\kotlin-stdlib\2.2.21\fa374a986e128314c3db00a20aae55f72a258511\kotlin-stdlib-2.2.21.jar;C:\Users\shahe\.gradle\caches\modules-2\files-2.1\org.hamcrest\hamcrest-integration\1.3\5de0c73fef18917cd85d0ab70bb23818685e4dfd\hamcrest-integration-1.3.jar;C:\Users\shahe\.gradle\caches\modules-2\files-2.1\org.hamcrest\hamcrest-library\1.3\4785a3c21320980282f9f33d0d1264a69040538f\hamcrest-library-1.3.jar;C:\Users\shahe\.gradle\caches\modules-2\files-2.1\org.hamcrest\hamcrest-core\1.3\42a25dc3219429f0e5d060061f71acb49bf010a0\hamcrest-core-1.3.jar;C:\Users\shahe\.gradle\caches\modules-2\files-2.1\org.robolectric\junit\4.17\8f22554166230ec5d98562308ce7728888fd57c\junit-4.17.jar;C:\Users\shahe\.gradle\caches\modules-2\files-2.1\org.robolectric\resources\4.17\f0cac0ac2bf1484e7ce7877f8fdd110d77500ac0\resources-4.17.jar;C:\Users\shahe\.gradle\caches\modules-2\files-2.1\org.robolectric\sandbox\4.17\b8ff57adf93a294b82ca7bac6b99eb5320cadcb7\sandbox-4.17.jar;C:\Users\shahe\.gradle\caches\modules-2\files-2.1\org.robolectric\utils-reflector\4.17\f91dc2674aad0847e655e4d4856f7f5e1960fa6e\utils-reflector-4.17.jar;C:\Users\shahe\.gradle\caches\modules-2\files-2.1\org.robolectric\plugins-maven-dependency-resolver\4.17\bf7b223b462453b7d6a66b96a848ecff323053d0\plugins-maven-dependency-resolver-4.17.jar;C:\Users\shahe\.gradle\caches\modules-2\files-2.1\org.robolectric\nativeruntime\4.17\52d38706eddfe5babb92d1665276ad6076f6efe0\nativeruntime-4.17.jar;C:\Users\shahe\.gradle\caches\modules-2\files-2.1\org.robolectric\shadowapi\4.17\dd829fc12fcf9e471aa31364aafa4181726df42a\shadowapi-4.17.jar;C:\Users\shahe\.gradle\caches\modules-2\files-2.1\org.robolectric\utils\4.17\7ed6eb8c6464ebddc15427eb7b2f3bb3883840aa\utils-4.17.jar;C:\Users\shahe\.gradle\caches\modules-2\files-2.1\org.robolectric\pluginapi\4.17\5e58d90330f4d18f8c4c534541470d63b176f33a\pluginapi-4.17.jar;C:\Users\shahe\.gradle\caches\modules-2\files-2.1\com.google.guava\guava\33.6.0-jre\374ff93f90751e8fc6c7cb5046bab9b14ff69c92\guava-33.6.0-android.jar;C:\Users\shahe\.gradle\caches\modules-2\files-2.1\org.robolectric\annotations\4.17\a1bb2dba3abeb1f1602d525d15c9eb7355b7fbb5\annotations-4.17.jar;C:\Users\shahe\.gradle\caches\modules-2\files-2.1\org.jspecify\jspecify\1.0.0\7425a601c1c7ec76645a78d22b8c6a627edee507\jspecify-1.0.0.jar;C:\Users\shahe\.gradle\caches\modules-2\files-2.1\com.google.auto.value\auto-value-annotations\1.11.1\3493561c5809b92f9e5f54f48ecfe9682ba6cbbe\auto-value-annotations-1.11.1.jar;C:\Users\shahe\.gradle\caches\modules-2\files-2.1\com.google.errorprone\error_prone_annotations\2.47.0\e64e70c8e2b5a30ce7f1b6c9e3eb7016881e0411\error_prone_annotations-2.47.0.jar;C:\Users\shahe\.gradle\caches\modules-2\files-2.1\org.ow2.asm\asm-commons\9.10.1\4229e4c55fd8e01c23f9fe9884075cc628aacc50\asm-commons-9.10.1.jar;C:\Users\shahe\.gradle\caches\modules-2\files-2.1\org.ow2.asm\asm-tree\9.10.1\e244332a17564c1d1572449399a842de35881be2\asm-tree-9.10.1.jar;C:\Users\shahe\.gradle\caches\modules-2\files-2.1\org.ow2.asm\asm\9.10.1\ada2141c0cc52ee8f5c48cd5fa4ce0e794f22236\asm-9.10.1.jar;C:\Users\shahe\.gradle\caches\modules-2\files-2.1\org.conscrypt\conscrypt-openjdk-uber\2.6.2\65c5977595ee9cc12e6017b9d43b1d2e3d1bab63\conscrypt-openjdk-uber-2.6.2.jar;C:\Users\shahe\.gradle\caches\modules-2\files-2.1\org.yaml\snakeyaml\2.6\2bc14918a2f8d5414749ab12d0c590cd3198b8c1\snakeyaml-2.6.jar;C:\Users\shahe\.gradle\caches\9.5.0\transforms\c470c387f020856e0eb02f1800d2c866\transformed\espresso-idling-resource-3.7.0-runtime.jar;C:\Users\shahe\.gradle\caches\modules-2\files-2.1\com.google.testparameterinjector\test-parameter-injector\1.22\a9e9eff422bcda62502e0b9bd31b4a3bc839700d\test-parameter-injector-1.22.jar;C:\Users\shahe\.gradle\caches\modules-2\files-2.1\javax.inject\javax.inject\1\6975da39a7040257bd51d21a231b76c915872d38\javax.inject-1.jar;C:\Users\shahe\.gradle\caches\modules-2\files-2.1\javax.annotation\javax.annotation-api\1.3.2\934c04d3cfef185a8008e7bf34331b79730a9d43\javax.annotation-api-1.3.2.jar;C:\Users\shahe\.gradle\caches\modules-2\files-2.1\org.bouncycastle\bcprov-jdk18on\1.85\2320b854dffe134687f7266bb22021b779e576d3\bcprov-jdk18on-1.85.jar;C:\Users\shahe\.gradle\caches\modules-2\files-2.1\org.jetbrains\annotations\23.0.0\8cc20c07506ec18e0834947b84a864bfc094484e\annotations-23.0.0.jar;C:\Users\shahe\.gradle\caches\modules-2\files-2.1\com.google.guava\failureaccess\1.0.3\aeaffd00d57023a2c947393ed251f0354f0985fc\failureaccess-1.0.3.jar;C:\Users\shahe\.gradle\caches\modules-2\files-2.1\com.google.guava\listenablefuture\9999.0-empty-to-avoid-conflict-with-guava\b421526c5f297295adef1c886e5246c39d4ac629\listenablefuture-9999.0-empty-to-avoid-conflict-with-guava.jar;C:\Users\shahe\.gradle\caches\modules-2\files-2.1\com.google.j2objc\j2objc-annotations\3.1\a892ca9507839bbdb900d64310ac98256cab992f\j2objc-annotations-3.1.jar;C:\Users\shahe\.gradle\caches\modules-2\files-2.1\com.almworks.sqlite4java\sqlite4java\1.0.392\d6234e08ff4e1607ff5321da2579571f05ff778d\sqlite4java-1.0.392.jar;C:\Users\shahe\.gradle\caches\modules-2\files-2.1\com.ibm.icu\icu4j\78.3\6a851a53bb1f25689fc418dcc8935b0d93580adf\icu4j-78.3.jar;C:\Users\shahe\.gradle\caches\modules-2\files-2.1\com.squareup\javawriter\2.1.1\67ff45d9ae02e583d0f9b3432a5ebbe05c30c966\javawriter-2.1.1.jar;C:\Users\shahe\.gradle\caches\modules-2\files-2.1\com.google.code.findbugs\jsr305\2.0.2\516c03b21d50a644d538de0f0369c620989cd8f0\jsr305-2.0.2.jar;C:\Users\shahe\.gradle\caches\modules-2\files-2.1\org.robolectric\nativeruntime-dist-compat\1.0.19\1f6befcda5c961e02c19419b61ea94260e896615\nativeruntime-dist-compat-1.0.19.jar;C:\Users\shahe\.gradle\caches\modules-2\files-2.1\org.objenesis\objenesis\3.4\675cbe121a68019235d27f6c34b4f0ac30e07418\objenesis-3.4.jar;C:\Users\shahe\.gradle\caches\modules-2\files-2.1\net.bytebuddy\byte-buddy\1.18.2\7ac991b4bd502e2567efcdecc0d2e9b3f7dd3859\byte-buddy-1.18.2.jar;C:\Users\shahe\.gradle\caches\modules-2\files-2.1\net.bytebuddy\byte-buddy-agent\1.18.2\62f38a6faf7f069d661b79a07d566f504b0b20c4\byte-buddy-agent-1.18.2.jar;D:\Android Projects\cpl\core\designsystem\build\intermediates\java_res\debug\processDebugJavaRes\out;C:\Users\shahe\.gradle\caches\9.5.0\transforms\3a7f5a10a53e2e1b42b6abf5a5f5ea58\transformed\roborazzi-junit-rule-1.74.0\jars\classes.jar;C:\Users\shahe\.gradle\caches\9.5.0\transforms\924a804e5a7119175aaf733fab7f4e4f\transformed\junit-ktx-1.2.1\jars\classes.jar;C:\Users\shahe\.gradle\caches\9.5.0\transforms\c268445967c03d60e471f0af53a306da\transformed\material3\jars\classes.jar;C:\Users\shahe\.gradle\caches\9.5.0\transforms\f3ef324e63d235fc22f11d20e9f74bb4\transformed\roborazzi-compose-1.74.0\jars\classes.jar;C:\Users\shahe\.gradle\caches\9.5.0\transforms\759acd3b67bf90731b3ee62459c744c4\transformed\roborazzi-1.74.0\jars\classes.jar;C:\Users\shahe\.gradle\caches\9.5.0\transforms\6f9c29c414d05e25f4fda3949ddad6e8\transformed\roborazzi-core\jars\classes.jar;C:\Users\shahe\.gradle\caches\9.5.0\transforms\367a9faf663f4135c93afe200185936c\transformed\material\jars\classes.jar;C:\Users\shahe\.gradle\caches\9.5.0\transforms\2d4f76f7f64a47ffdcb1459c8c66b409\transformed\material-ripple\jars\classes.jar;C:\Users\shahe\.gradle\caches\9.5.0\transforms\9e6e37fdaa35c4f786e923b3ffdb789c\transformed\foundation\jars\classes.jar;C:\Users\shahe\.gradle\caches\9.5.0\transforms\6848cda14b1066ebd55094b51f0911eb\transformed\animation\jars\classes.jar;C:\Users\shahe\.gradle\caches\9.5.0\transforms\14b2cd519a4b5dec6da1fcc1e732feab\transformed\foundation-layout\jars\classes.jar;C:\Users\shahe\.gradle\caches\9.5.0\transforms\d82e5c0f48ec245d860a57f6dda55e13\transformed\animation-core\jars\classes.jar;C:\Users\shahe\.gradle\caches\9.5.0\transforms\6088ab1bfb776188a56d3800cdc6d450\transformed\ui-tooling-data\jars\classes.jar;C:\Users\shahe\.gradle\caches\9.5.0\transforms\beb4889f6847995789611a191c722636\transformed\ui-unit\jars\classes.jar;C:\Users\shahe\.gradle\caches\9.5.0\transforms\a99f6b88d2f4b9a160ff4a7bb0db2666\transformed\ui-geometry\jars\classes.jar;C:\Users\shahe\.gradle\caches\9.5.0\transforms\165b7279744c66cdcaeccdf0a8c05a35\transformed\ui-util\jars\classes.jar;C:\Users\shahe\.gradle\caches\9.5.0\transforms\8906284677911c13632c9d232f1bc5c9\transformed\ui-text\jars\classes.jar;C:\Users\shahe\.gradle\caches\9.5.0\transforms\d6aba9e43dc378423dfe4da5ded19e99\transformed\ui-tooling-preview\jars\classes.jar;C:\Users\shahe\.gradle\caches\9.5.0\transforms\81b14789eaf4e8eba552f548975b8f2f\transformed\ui-tooling\jars\classes.jar;C:\Users\shahe\.gradle\caches\9.5.0\transforms\183de603175cdf5fed1d273c87b188a8\transformed\ui-graphics\jars\classes.jar;C:\Users\shahe\.gradle\caches\9.5.0\transforms\2f7f7f1278264630e35970860dcbf413\transformed\ui-test\jars\classes.jar;C:\Users\shahe\.gradle\caches\9.5.0\transforms\7087a896ff9a41f238b25c8ec199780e\transformed\espresso-core-3.5.1\jars\classes.jar;C:\Users\shahe\.gradle\caches\9.5.0\transforms\7cf940839f4ed938e68f840403ab6b54\transformed\core-1.7.0\jars\classes.jar;C:\Users\shahe\.gradle\caches\9.5.0\transforms\3fd4247650955e5b0231ba5d29121d7e\transformed\autofill-1.0.0\jars\classes.jar;C:\Users\shahe\.gradle\caches\9.5.0\transforms\e7e2f70fd1940145ba525ff5dd5f1daa\transformed\transition-1.6.0\jars\classes.jar;C:\Users\shahe\.gradle\caches\9.5.0\transforms\bb14f6566a05ac53e7ab7bfed9992c77\transformed\window-core\jars\classes.jar;C:\Users\shahe\.gradle\caches\9.5.0\transforms\38ed94e868a0d20d760d9ee0ef34da10\transformed\window-1.5.0\jars\classes.jar;C:\Users\shahe\.gradle\caches\9.5.0\transforms\45b98a3c0fc026458247fa56ae6f9538\transformed\graphics-path-1.0.1\jars\classes.jar;C:\Users\shahe\.gradle\caches\9.5.0\transforms\3368e74b1e55b5fe239b4775a4bb7d20\transformed\activity-ktx-1.8.2\jars\classes.jar;C:\Users\shahe\.gradle\caches\9.5.0\transforms\0bee7d260bac5d968735b57f9e3abdc2\transformed\activity-compose-1.8.2\jars\classes.jar;C:\Users\shahe\.gradle\caches\9.5.0\transforms\6e963aa052bac6d18d4778f190ef09ab\transformed\activity-1.8.2\jars\classes.jar;C:\Users\shahe\.gradle\caches\9.5.0\transforms\0895f3c7fdc406c61a8453ddbfde47bd\transformed\customview-poolingcontainer-1.0.0\jars\classes.jar;C:\Users\shahe\.gradle\caches\9.5.0\transforms\8d4cc405938fc4585aaac72310a40ce7\transformed\emoji2-1.4.0\jars\classes.jar;C:\Users\shahe\.gradle\caches\9.5.0\transforms\8d4cc405938fc4585aaac72310a40ce7\transformed\emoji2-1.4.0\jars\libs\repackaged.jar;C:\Users\shahe\.gradle\caches\9.5.0\transforms\92b2c337e06811ec71770cae7b461f5b\transformed\dynamicanimation-1.0.0\jars\classes.jar;C:\Users\shahe\.gradle\caches\9.5.0\transforms\50b725819b9de3bbcd16bea14f89f187\transformed\legacy-support-core-utils-1.0.0\jars\classes.jar;C:\Users\shahe\.gradle\caches\9.5.0\transforms\5f51801aecb762ac9b40a9832a857624\transformed\loader-1.0.0\jars\classes.jar;C:\Users\shahe\.gradle\caches\9.5.0\transforms\8c4a6639652c4a1381cf46c097432dbc\transformed\lifecycle-livedata-core-ktx-2.11.0\jars\classes.jar;C:\Users\shahe\.gradle\caches\9.5.0\transforms\2291fa6557792e1c8a0cda1ff2349cda\transformed\lifecycle-livedata-2.11.0\jars\classes.jar;C:\Users\shahe\.gradle\caches\9.5.0\transforms\d7a1266597b48751917a7c84b4708de9\transformed\lifecycle-livedata-core-2.11.0\jars\classes.jar;C:\Users\shahe\.gradle\caches\9.5.0\transforms\9dbda87cf00f3a8b65d226b79a522758\transformed\lifecycle-process-2.11.0\jars\classes.jar;C:\Users\shahe\.gradle\caches\9.5.0\transforms\82e2f269dbac06f24760ddfaa422bad3\transformed\lifecycle-viewmodel-2.11.0\jars\classes.jar;C:\Users\shahe\.gradle\caches\9.5.0\transforms\89cb6959e6ac72a3632b9eccb9b769d3\transformed\lifecycle-viewmodel\jars\classes.jar;C:\Users\shahe\.gradle\caches\9.5.0\transforms\3e5b20c89dd6918a1727bac9f6dc1a24\transformed\lifecycle-runtime-ktx\jars\classes.jar;C:\Users\shahe\.gradle\caches\9.5.0\transforms\fe712e394fe49810327e5432147c1642\transformed\lifecycle-viewmodel-savedstate\jars\classes.jar;C:\Users\shahe\.gradle\caches\9.5.0\transforms\b9f18d3c2867e6d0dd4fc98572a3a0f4\transformed\runtime-annotation\jars\classes.jar;C:\Users\shahe\.gradle\caches\9.5.0\transforms\0cc7df412be19e426a64118a946c8664\transformed\runtime-retain\jars\classes.jar;C:\Users\shahe\.gradle\caches\9.5.0\transforms\f0eec10d70abd395f40c1247692ab64b\transformed\runtime\jars\classes.jar;C:\Users\shahe\.gradle\caches\9.5.0\transforms\2a03326e3f7807aedd20c3639ef46e00\transformed\runtime-saveable\jars\classes.jar;C:\Users\shahe\.gradle\caches\9.5.0\transforms\0a01ada22e992a174bc09fdb25f86a5b\transformed\savedstate-compose\jars\classes.jar;C:\Users\shahe\.gradle\caches\9.5.0\transforms\4d4744fbe4430b83a7fbadc44d7b8d50\transformed\savedstate-ktx-1.4.0\jars\classes.jar;C:\Users\shahe\.gradle\caches\9.5.0\transforms\f79c89ba3f173edc40a63560c23b3736\transformed\savedstate\jars\classes.jar;C:\Users\shahe\.gradle\caches\9.5.0\transforms\3febb779ff8d5cb520624cf37a0d64ae\transformed\core-ktx-1.16.0\jars\classes.jar;C:\Users\shahe\.gradle\caches\9.5.0\transforms\e13d45b17e7a500199052244fddd3d65\transformed\core-1.16.0\jars\classes.jar;C:\Users\shahe\.gradle\caches\9.5.0\transforms\414e4e16c89f8b2101f635d4a8be23d9\transformed\lifecycle-runtime\jars\classes.jar;C:\Users\shahe\.gradle\caches\9.5.0\transforms\a4b86ef2fc134766ee4c15b677976e63\transformed\lifecycle-viewmodel-ktx-2.11.0\jars\classes.jar;C:\Users\shahe\.gradle\caches\9.5.0\transforms\132fb0b7417a4f90c8f4c647f4070e44\transformed\lifecycle-runtime-compose\jars\classes.jar;C:\Users\shahe\.gradle\caches\9.5.0\transforms\424b3e0b75d749af46005f5c108ecbb4\transformed\material-icons-extended-release\jars\classes.jar;C:\Users\shahe\.gradle\caches\9.5.0\transforms\f30fdd5ba56716e1c7c096e84004f9f3\transformed\material-icons-core-release\jars\classes.jar;C:\Users\shahe\.gradle\caches\9.5.0\transforms\bd7e9b9ec5a62576517c50dcd990087a\transformed\ui\jars\classes.jar;C:\Users\shahe\.gradle\caches\9.5.0\transforms\90bb64515f936a1878b4b579e9b28cfb\transformed\ui-test-manifest-1.10.4\jars\classes.jar;C:\Users\shahe\.gradle\caches\9.5.0\transforms\07018ad6c1919483ed71398601b3c408\transformed\ui-test-junit4\jars\classes.jar;C:\Users\shahe\.gradle\caches\9.5.0\transforms\835562be66188bd55ed08163727fa143\transformed\junit-1.3.0\jars\classes.jar;C:\Users\shahe\.gradle\caches\9.5.0\transforms\1e5ac2a573815445bbecee57b8e77ae0\transformed\runner-1.5.2\jars\classes.jar;C:\Users\shahe\.gradle\caches\9.5.0\transforms\343b6e7cd484a8ed58383084d0407e15\transformed\profileinstaller-1.4.0\jars\classes.jar;C:\Users\shahe\.gradle\caches\9.5.0\transforms\9baa9006b0700077789f8b1f12b309cd\transformed\storage-1.6.0\jars\classes.jar;C:\Users\shahe\.gradle\caches\9.5.0\transforms\d70c68d01066beed58d35d0d89f7113b\transformed\monitor-1.8.0\jars\classes.jar;C:\Users\shahe\.gradle\caches\9.5.0\transforms\020d93f5b34d29514427420fca5beda3\transformed\annotation-1.0.1\jars\classes.jar;C:\Users\shahe\.gradle\caches\9.5.0\transforms\2d03e7d4f6c69eaf3be9b778b55a466a\transformed\annotation-experimental-1.4.1\jars\classes.jar;C:\Users\shahe\.gradle\caches\9.5.0\transforms\7c5a2dbd21674d668b6b829ccefd3e14\transformed\versionedparcelable-1.1.1\jars\classes.jar;C:\Users\shahe\.gradle\caches\9.5.0\transforms\88cea4f2339408d5f161711c20a50a6a\transformed\startup-runtime-1.1.1\jars\classes.jar;C:\Users\shahe\.gradle\caches\9.5.0\transforms\a8f5f3a2fee145852ad24427b0888ea2\transformed\tracing-1.2.0\jars\classes.jar;C:\Users\shahe\.gradle\caches\9.5.0\transforms\6dd482e8beedafe020bfc10fae933aca\transformed\interpolator-1.0.0\jars\classes.jar;C:\Users\shahe\.gradle\caches\9.5.0\transforms\1a03903b9cce2999acd47035f8444c46\transformed\core-runtime-2.2.0\jars\classes.jar;C:\Users\shahe\.gradle\caches\9.5.0\transforms\f582a11208aa260f4a181f221ea91be9\transformed\documentfile-1.0.0\jars\classes.jar;C:\Users\shahe\.gradle\caches\9.5.0\transforms\a2c9c50a31251c682a19988cbf6a16d7\transformed\localbroadcastmanager-1.0.0\jars\classes.jar;C:\Users\shahe\.gradle\caches\9.5.0\transforms\fb8fea883b62dba34e0097226a59b7d5\transformed\print-1.0.0\jars\classes.jar;C:\Users\shahe\.gradle\caches\9.5.0\transforms\ae38e712db6c8a35eab9d1554036f75d\transformed\core-viewtree-1.0.0\jars\classes.jar;C:\Users\shahe\.gradle\caches\9.5.0\transforms\03c9598cf95580794aae7f3b891a0a9e\transformed\espresso-idling-resource-3.7.0\jars\classes.jar;C:\Users\shahe\.gradle\caches\9.5.0\transforms\38d1f0918522664523566f37e6626a1d\transformed\android.jar
Launcher Type: SUN_STANDARD

[Global flags]
     intx CICompilerCount                          = 12                                        {product} {ergonomic}
     uint ConcGCThreads                            = 3                                         {product} {ergonomic}
     uint G1ConcRefinementThreads                  = 13                                        {product} {ergonomic}
   size_t G1HeapRegionSize                         = 1048576                                   {product} {ergonomic}
    uintx GCDrainStackTargetSize                   = 64                                        {product} {ergonomic}
   size_t InitialHeapSize                          = 125829120                                 {product} {ergonomic}
   size_t MarkStackSize                            = 4194304                                   {product} {ergonomic}
   size_t MaxHeapSize                              = 536870912                                 {product} {command line}
   size_t MaxNewSize                               = 321912832                                 {product} {ergonomic}
   size_t MinHeapDeltaBytes                        = 1048576                                   {product} {ergonomic}
   size_t MinHeapSize                              = 8388608                                   {product} {ergonomic}
    uintx NonNMethodCodeHeapSize                   = 7602480                                {pd product} {ergonomic}
    uintx NonProfiledCodeHeapSize                  = 122027880                              {pd product} {ergonomic}
    uintx ProfiledCodeHeapSize                     = 122027880                              {pd product} {ergonomic}
    uintx ReservedCodeCacheSize                    = 251658240                              {pd product} {ergonomic}
     bool SegmentedCodeCache                       = true                                      {product} {ergonomic}
   size_t SoftMaxHeapSize                          = 536870912                              {manageable} {ergonomic}
     bool UseCompressedOops                        = true                           {product lp64_product} {ergonomic}
     bool UseG1GC                                  = true                                      {product} {ergonomic}
     bool UseLargePagesIndividualAllocation        = false                                  {pd product} {ergonomic}

Logging:
Log output configuration:
 #0: stdout all=warning uptime,level,tags foldmultilines=false
 #1: stderr all=off uptime,level,tags foldmultilines=false

Release file:
JAVA_VERSION="21.0.11" 
MODULES="java.base java.compiler java.datatransfer java.xml java.prefs java.desktop java.instrument java.logging java.management java.security.sasl java.naming java.rmi java.management.rmi java.net.http java.scripting java.security.jgss java.transaction.xa java.sql java.sql.rowset java.xml.crypto java.se java.smartcardio jdk.accessibility jdk.internal.jvmstat jdk.attach jdk.charsets jdk.internal.opt jdk.zipfs jdk.compiler jdk.crypto.ec jdk.crypto.cryptoki jdk.crypto.mscapi jdk.dynalink jdk.internal.ed jdk.editpad jdk.hotspot.agent jdk.httpserver jdk.incubator.vector jdk.internal.le jdk.internal.vm.ci jdk.internal.vm.compiler jdk.internal.vm.compiler.management jdk.jartool jdk.javadoc jdk.jcmd jdk.management jdk.management.agent jdk.jconsole jdk.jdeps jdk.jdwp.agent jdk.jdi jdk.jfr jdk.jlink jdk.jpackage jdk.jshell jdk.jsobject jdk.jstatd jdk.localedata jdk.management.jfr jdk.naming.dns jdk.naming.rmi jdk.net jdk.nio.mapmode jdk.random jdk.sctp jdk.security.auth jdk.security.jgss jdk.unsupported jdk.unsupported.desktop jdk.xml.dom" 
IMPLEMENTOR="JetBrains s.r.o." 
IMPLEMENTOR_VERSION="JBRSDK-21.0.11+1-1163.116-nomod" 
JAVA_RUNTIME_VERSION="21.0.11+1-b1163.116" 
LIBC="default" 
OS_ARCH="x86_64" 
OS_NAME="Windows" 
SOURCE=".:git:cf1f197170a0+" 

Environment Variables:
JAVA_HOME=C:/Users/shahe/.jdks/jbr-21.0.11
PATH=C:\Users\shahe\.jdks\jbr-21.0.11\bin;C:\Users\shahe\miniconda3;C:\Users\shahe\miniconda3\Library\mingw-w64\bin;C:\Users\shahe\miniconda3\Library\usr\bin;C:\Users\shahe\miniconda3\Library\bin;C:\Users\shahe\miniconda3\Scripts;C:\Users\shahe\miniconda3\bin;C:\Users\shahe\miniconda3\condabin;C:\Users\shahe\bin;C:\Program Files\Git\mingw64\bin;C:\Program Files\Git\usr\local\bin;C:\Program Files\Git\usr\bin;C:\Program Files\Git\usr\bin;C:\Program Files\Git\mingw64\bin;C:\Program Files\Git\usr\bin;C:\Users\shahe\bin;C:\Windows\system32;C:\Windows;C:\Windows\System32\Wbem;C:\Windows\System32\WindowsPowerShell\v1.0;C:\Windows\System32\OpenSSH;C:\Program Files (x86)\NVIDIA Corporation\PhysX\Common;C:\Program Files\NVIDIA Corporation\NVIDIA NvDLISR;C:\Windows\system32;C:\Windows;C:\Windows\System32\Wbem;C:\Windows\System32\WindowsPowerShell\v1.0;C:\Windows\System32\OpenSSH;C:\Program Files\Git\cmd;C:\Program Files\nodejs;C:\Users\shahe\miniconda3;C:\Users\shahe\miniconda3\Library\mingw-w64\bin;C:\Users\shahe\miniconda3\Library\usr\bin;C:\Users\shahe\miniconda3\Library\bin;C:\Users\shahe\miniconda3\Scripts;C:\Users\shahe\AppData\Local\Microsoft\WindowsApps;C:\Users\shahe\AppData\Local\Microsoft\WinGet\Packages\Gyan.FFmpeg_Microsoft.Winget.Source_8wekyb3d8bbwe\ffmpeg-7.0.2-full_build\bin;C:\Users\shahe\AppData\Local\Programs\Microsoft VS Code\bin;C:\Users\shahe\AppData\Roaming\npm;C:\Program Files\nodejs;C:\Program Files\Git\mingw64\bin;C:\Program Files\Git\usr\bin\vendor_perl;C:\Program Files\Git\usr\bin\core_perl;C:\Users\shahe\AppData\Roaming\Claude\local-agent-mode-sessions\skills-plugin\f1887f4f-daf6-471c-983a-cab0005b1e26\2e648cc1-1b10-4e28-9e07-0d0e1d7fe8a7\bin
USERNAME=shahe
SHELL=C:\Program Files\Git\usr\bin\bash.exe
TERM=xterm-256color
OS=Windows_NT
PROCESSOR_IDENTIFIER=AMD64 Family 25 Model 80 Stepping 0, AuthenticAMD
TMP=C:\Users\shahe\AppData\Local\Temp
TEMP=C:\Users\shahe\AppData\Local\Temp




Periodic native trim disabled

JNI global refs:
JNI global refs: 324, weak refs: 0

JNI global refs memory usage: 3995, weak refs: 833

Process memory usage:
Resident Set Size: 357756K (4% of 7765196K total physical memory with 61376K free physical memory)

OOME stack traces (most recent first):
Classloader memory used:
Loader org.robolectric.internal.AndroidSandbox$SdkSandboxClassLoader                   : 59897K
Loader bootstrap                                                                       : 19726K
Loader jdk.internal.loader.ClassLoaders$AppClassLoader                                 : 11126K
Loader java.net.URLClassLoader                                                         : 2154K
Loader jdk.internal.loader.ClassLoaders$PlatformClassLoader                            : 452K
Loader jdk.internal.reflect.DelegatingClassLoader                                      : 48208B

Classes loaded by more than one classloader:
Class com.google.common.collect.RegularImmutableMap$KeySet                            : loaded 2 times (x 147B)
Class [Lcom.google.common.base.AbstractIterator$State;                                : loaded 2 times (x 69B)
Class com.google.common.base.CharMatcher$IsEither                                     : loaded 2 times (x 100B)
Class com.google.common.collect.RegularImmutableMap$EntrySet                          : loaded 2 times (x 148B)
Class com.google.common.collect.CompactHashMap                                        : loaded 2 times (x 144B)
Class com.google.common.collect.AbstractMapBasedMultimap$WrappedCollection            : loaded 2 times (x 124B)
Class com.google.common.collect.ImmutableEnumSet                                      : loaded 2 times (x 148B)
Class com.google.common.collect.ImmutableMap$MapViewOfValuesAsSingletonSets           : loaded 2 times (x 133B)
Class com.google.common.collect.RegularImmutableMap                                   : loaded 2 times (x 129B)
Class com.google.common.collect.CompactHashing                                        : loaded 2 times (x 71B)
Class com.google.common.collect.UnmodifiableListIterator                              : loaded 2 times (x 95B)
Class com.shnapps.couple.core.designsystem.GallerySnapshotTest$Companion              : loaded 2 times (x 71B)
Class com.google.common.collect.Lists$TransformingSequentialList                      : loaded 2 times (x 199B)
Class com.google.common.base.Suppliers                                                : loaded 2 times (x 71B)
Class com.google.common.base.Platform$JdkPatternCompiler                              : loaded 2 times (x 75B)
Class com.google.common.base.CharMatcher$None                                         : loaded 2 times (x 101B)
Class androidx.compose.ui.test.junit4.ComposeContentTestRule                          : loaded 2 times (x 70B)
Class com.google.common.base.StandardSystemProperty                                   : loaded 2 times (x 79B)
Class com.google.common.collect.ListMultimap                                          : loaded 2 times (x 70B)
Class com.google.common.collect.ImmutableEnumMap                                      : loaded 2 times (x 133B)
Class com.google.common.collect.ImmutableList$Itr                                     : loaded 2 times (x 97B)
Class org.robolectric.internal.bytecode.InvokeDynamicSupport                          : loaded 2 times (x 71B)
Class com.google.common.collect.Sets$1                                                : loaded 2 times (x 143B)
Class com.google.common.base.Splitter                                                 : loaded 2 times (x 72B)
Class android.content.ComponentCallbacks                                              : loaded 2 times (x 70B)
Class com.google.common.collect.Maps$ViewCachingAbstractMap                           : loaded 2 times (x 125B)
Class com.google.common.collect.Sets$2                                                : loaded 2 times (x 143B)
Class com.google.common.collect.Sets$3                                                : loaded 2 times (x 143B)
Class com.google.common.base.AbstractIterator$State                                   : loaded 2 times (x 79B)
Class com.google.common.collect.Sets$4                                                : loaded 2 times (x 143B)
Class com.google.common.collect.MapDifference                                         : loaded 2 times (x 70B)
Class com.google.common.base.Splitter$1                                               : loaded 2 times (x 86B)
Class com.google.common.collect.RegularImmutableMap$KeysOrValuesAsList                : loaded 2 times (x 209B)
Class androidx.compose.runtime.Composer                                               : loaded 2 times (x 70B)
Class com.google.common.collect.ImmutableCollection$Builder                           : loaded 2 times (x 76B)
Class com.google.common.collect.Iterators$ArrayItr                                    : loaded 2 times (x 97B)
Class com.google.common.collect.Platform                                              : loaded 2 times (x 71B)
Class com.google.common.base.Splitter$5                                               : loaded 2 times (x 80B)
Class com.google.common.collect.UnmodifiableIterator                                  : loaded 2 times (x 80B)
Class com.google.common.collect.Iterators$SingletonIterator                           : loaded 2 times (x 81B)
Class com.google.common.collect.AbstractMultimap                                      : loaded 2 times (x 119B)
Class com.google.common.collect.Lists$Partition                                       : loaded 2 times (x 200B)
Class com.google.common.collect.Iterators                                             : loaded 2 times (x 71B)
Class com.google.common.collect.Lists$StringAsImmutableList                           : loaded 2 times (x 209B)
Class com.google.common.base.CharMatcher$And                                          : loaded 2 times (x 101B)
Class com.google.common.collect.BiMap                                                 : loaded 2 times (x 70B)
Class org.robolectric.interceptors.AndroidInterceptors$CleanerInterceptor             : loaded 2 times (x 75B)
Class com.google.common.collect.ImmutableMap$1                                        : loaded 2 times (x 81B)
Class com.google.common.primitives.Ints                                               : loaded 2 times (x 71B)
Class com.google.common.collect.AbstractIterator                                      : loaded 2 times (x 82B)
Class com.google.common.collect.Multiset                                              : loaded 2 times (x 70B)
Class org.robolectric.interceptors.AndroidInterceptors$NoOpInterceptor                : loaded 2 times (x 75B)
Class com.google.common.collect.ObjectArrays                                          : loaded 2 times (x 71B)
Class com.google.common.collect.AbstractIndexedListIterator                           : loaded 2 times (x 96B)
Class android.app.Application                                                         : loaded 2 times (x 347B)
Class android.content.ComponentCallbacks2                                             : loaded 2 times (x 70B)
Class org.robolectric.interceptors.AndroidInterceptors$NioUtilsFreeDirectBufferInterceptor: loaded 2 times (x 75B)
Class com.google.common.collect.ImmutableMap$Builder                                  : loaded 2 times (x 81B)
Class com.google.common.base.NullnessCasts                                            : loaded 2 times (x 71B)
Class com.google.common.collect.Lists$RandomAccessPartition                           : loaded 2 times (x 200B)
Class com.google.common.collect.Multimap                                              : loaded 2 times (x 70B)
Class com.google.common.primitives.IntsMethodsForWeb                                  : loaded 2 times (x 71B)
Class com.google.common.base.JdkPattern                                               : loaded 2 times (x 75B)
Class com.google.common.collect.ImmutableList$ReverseImmutableList                    : loaded 2 times (x 209B)
Class com.google.common.collect.Iterators$1                                           : loaded 2 times (x 81B)
Class android.content.Context                                                         : loaded 2 times (x 305B)
Class com.google.common.collect.SingletonImmutableSet                                 : loaded 2 times (x 147B)
Class com.google.common.collect.ImmutableMap$IteratorBasedImmutableMap                : loaded 2 times (x 133B)
Class com.google.common.collect.AbstractListMultimap                                  : loaded 2 times (x 166B)
Class com.google.common.collect.Iterators$4                                           : loaded 2 times (x 82B)
Class com.google.common.collect.Iterators$5                                           : loaded 2 times (x 82B)
Class com.google.common.base.Splitter$SplittingIterator                               : loaded 2 times (x 84B)
Class com.google.common.base.CharMatcher$ForPredicate                                 : loaded 2 times (x 101B)
Class com.google.common.collect.Lists$TransformingRandomAccessList                    : loaded 2 times (x 199B)
Class com.google.common.base.CharMatcher$AnyOf                                        : loaded 2 times (x 101B)
Class com.google.common.collect.ImmutableCollection                                   : loaded 2 times (x 125B)
Class com.google.common.base.Converter                                                : loaded 2 times (x 83B)
Class com.google.common.collect.Lists                                                 : loaded 2 times (x 71B)
Class com.google.common.collect.AbstractMapBasedMultimap                              : loaded 2 times (x 133B)
Class com.google.common.collect.Iterators$9                                           : loaded 2 times (x 81B)
Class org.robolectric.DefaultTestLifecycle                                            : loaded 2 times (x 79B)
Class com.shnapps.couple.core.designsystem.GallerySnapshotTest                        : loaded 2 times (x 72B)
Class com.google.common.base.CharMatcher$IsNot                                        : loaded 2 times (x 100B)
Class com.google.common.base.CommonPattern                                            : loaded 2 times (x 74B)
Class com.google.common.base.Function                                                 : loaded 2 times (x 70B)
Class com.google.common.collect.RegularImmutableList                                  : loaded 2 times (x 209B)
Class [Lcom.google.common.base.StandardSystemProperty;                                : loaded 2 times (x 69B)
Class com.google.common.collect.RegularImmutableMap$EntrySet$1                        : loaded 2 times (x 211B)
Class com.google.common.collect.Maps                                                  : loaded 2 times (x 71B)
Class androidx.test.ext.junit.runners.AndroidJUnit4                                   : loaded 2 times (x 84B)
Class androidx.compose.ui.test.junit4.ComposeTestRule                                 : loaded 2 times (x 70B)
Class com.google.common.base.Platform                                                 : loaded 2 times (x 71B)
Class com.google.common.collect.AbstractMapBasedMultimap$WrappedList                  : loaded 2 times (x 205B)
Class com.google.common.collect.Maps$8                                                : loaded 2 times (x 82B)
Class com.google.common.collect.Sets$SetView                                          : loaded 2 times (x 140B)
Class org.robolectric.interceptors.AndroidInterceptors$SystemTimeInterceptor          : loaded 2 times (x 75B)
Class com.google.common.base.AbstractIterator                                         : loaded 2 times (x 80B)
Class com.google.common.base.CharMatcher$BitSetMatcher                                : loaded 2 times (x 101B)
Class com.google.common.collect.ImmutableSet                                          : loaded 2 times (x 147B)
Class android.content.ContextWrapper                                                  : loaded 2 times (x 307B)
Class org.robolectric.android.internal.AndroidTestEnvironment                         : loaded 2 times (x 83B)
Class com.google.common.base.CharMatcher$Or                                           : loaded 2 times (x 101B)
Class com.google.common.base.Supplier                                                 : loaded 2 times (x 70B)
Class com.google.common.collect.Sets                                                  : loaded 2 times (x 71B)
Class com.google.common.base.CharMatcher$FastMatcher                                  : loaded 2 times (x 100B)
Class com.google.common.base.Strings                                                  : loaded 2 times (x 71B)
Class com.google.common.base.Predicate                                                : loaded 2 times (x 70B)
Class com.google.common.collect.ImmutableMap                                          : loaded 2 times (x 128B)
Class com.google.common.base.CharMatcher$NegatedFastMatcher                           : loaded 2 times (x 102B)
Class org.robolectric.internal.bytecode.RobolectricInternals                          : loaded 2 times (x 71B)
Class com.google.common.collect.ArrayListMultimap                                     : loaded 2 times (x 166B)
Class com.google.common.base.Suppliers$MemoizingSupplier                              : loaded 2 times (x 76B)
Class com.google.common.collect.CollectPreconditions                                  : loaded 2 times (x 71B)
Class com.google.common.collect.SortedMapDifference                                   : loaded 2 times (x 70B)
Class com.google.common.base.Suppliers$NonSerializableMemoizingSupplier               : loaded 2 times (x 76B)
Class androidx.compose.ui.test.SemanticsNodeInteractionsProvider                      : loaded 2 times (x 70B)
Class com.google.common.collect.AbstractMapBasedMultimap$RandomAccessWrappedList      : loaded 2 times (x 205B)
Class com.google.common.base.CharMatcher$Negated                                      : loaded 2 times (x 102B)
Class com.google.common.base.CharMatcher$Is                                           : loaded 2 times (x 100B)
Class com.google.common.collect.Hashing                                               : loaded 2 times (x 71B)
Class com.google.common.base.PatternCompiler                                          : loaded 2 times (x 70B)
Class com.google.common.base.Preconditions                                            : loaded 2 times (x 71B)
Class com.google.common.collect.PeekingIterator                                       : loaded 2 times (x 70B)
Class com.google.common.base.CharMatcher                                              : loaded 2 times (x 100B)
Class com.google.common.base.CharMatcher$NamedFastMatcher                             : loaded 2 times (x 101B)
Class com.google.common.base.CharMatcher$1                                            : loaded 2 times (x 102B)
Class org.robolectric.Shadows                                                         : loaded 2 times (x 81B)
Class com.google.common.collect.Maps$BiMapConverter                                   : loaded 2 times (x 83B)
Class org.robolectric.interceptors.AndroidInterceptors                                : loaded 2 times (x 71B)
Class com.google.common.base.CharMatcher$InRange                                      : loaded 2 times (x 100B)
Class android.os.Build$VERSION                                                        : loaded 2 times (x 77B)
Class com.google.common.collect.ImmutableList                                         : loaded 2 times (x 208B)
Class com.google.common.collect.ImmutableList$SubList                                 : loaded 2 times (x 209B)
Class com.google.common.collect.Iterators$MergingIterator                             : loaded 2 times (x 81B)
Class com.google.common.collect.RegularImmutableSet                                   : loaded 2 times (x 148B)
Class org.robolectric.interceptors.AndroidInterceptors$SystemArrayCopyInterceptor     : loaded 2 times (x 75B)
Class com.google.common.collect.ImmutableCollection$ArrayBasedBuilder                 : loaded 2 times (x 78B)
Class com.google.common.collect.Iterables                                             : loaded 2 times (x 71B)
Class com.google.common.base.Splitter$Strategy                                        : loaded 2 times (x 70B)
Class org.robolectric.shadow.api.Shadow                                               : loaded 2 times (x 71B)

---------------  S Y S T E M  ---------------

OS:
 Windows 11 , 64 bit Build 22621 (10.0.22621.4945)
OS uptime: 0 days 7:14 hours
Hyper-V role detected

CPU: total 16 (initial active 16) (16 cores per cpu, 2 threads per core) family 25 model 80 stepping 0 microcode 0x0, cx8, cmov, fxsr, ht, mmx, 3dnowpref, sse, sse2, sse3, ssse3, sse4a, sse4.1, sse4.2, popcnt, lzcnt, tsc, tscinvbit, avx, avx2, aes, erms, clmul, bmi1, bmi2, adx, sha, fma, vzeroupper, clflush, clflushopt, hv, rdtscp, rdpid, fsrm, f16c, cet_ss
Processor Information for the first 16 processors :
  Max Mhz: 3201, Current Mhz: 3201, Mhz Limit: 3201

Memory: 4k page, system-wide physical 7583M (44M free)
TotalPageFile size 31135M (AvailPageFile size 24M)
current process WorkingSet (physical memory assigned to process): 350M, peak: 387M
current process commit charge ("private bytes"): 484M, peak: 487M

vm_info: OpenJDK 64-Bit Server VM (21.0.11+1-b1163.116) for windows-amd64 JRE (21.0.11+1-b1163.116), built on 2026-04-30 by "builduser" with MS VC++ 17.14 (VS2022)

END.
